ltable_id,rtable_id,label
0,0,0
1,1,0
2,2,0
3,3,1
4,4,1
5,5,0
6,6,0
7,7,0
8,8,0
9,9,0
10,10,0
11,11,0
12,12,0
13,13,0
14,14,0
15,15,0
16,16,0
17,17,0
18,18,0
19,19,0
20,20,0
21,21,0
22,22,0
23,23,0
24,24,0
25,25,0
26,26,0
27,27,1
27,28,0
28,29,0
29,30,1
30,31,0
31,32,0
32,33,0
33,34,0
34,35,0
35,36,0
36,37,0
37,38,0
36,39,0
38,40,0
39,41,0
40,42,0
41,43,0
42,44,0
43,45,0
44,46,1
45,47,0
46,40,0
47,14,0
48,48,0
49,49,0
50,50,0
51,51,0
52,2,0
53,52,0
54,53,0
55,54,0
56,55,0
57,56,0
58,57,0
59,58,0
60,59,0
61,60,0
62,61,0
63,62,0
64,63,0
65,64,1
66,65,0
67,66,0
68,67,0
69,68,1
70,69,0
71,70,0
72,71,0
73,51,0
74,72,0
75,73,1
76,74,0
77,75,0
78,76,0
79,77,0
0,78,1
80,79,0
70,36,0
56,80,0
81,81,0
82,82,1
83,83,0
84,84,0
85,85,0
86,86,0
87,87,0
56,88,0
88,89,0
89,90,0
90,91,0
24,92,0
91,27,0
92,93,0
93,94,0
94,95,0
95,96,0
96,17,0
97,97,1
98,98,0
99,99,0
100,22,0
101,38,0
102,100,0
4,101,0
33,102,1
103,103,0
104,104,0
105,105,0
106,106,0
107,107,1
108,108,0
109,109,0
110,14,0
10,110,0
111,111,0
112,112,0
11,113,0
113,114,0
114,115,0
102,56,0
115,19,0
24,116,0
116,117,0
117,118,0
118,119,0
119,120,0
74,121,0
120,122,0
121,123,1
122,124,0
80,125,0
19,126,0
96,127,1
46,128,0
123,89,0
14,129,0
124,130,0
125,131,0
94,132,0
126,133,0
127,85,0
60,134,0
128,135,0
0,130,0
129,136,0
130,137,0
131,138,1
132,139,0
133,140,0
40,141,0
134,142,0
113,143,0
135,144,0
136,145,0
137,146,0
138,147,0
52,148,0
139,149,0
134,150,0
140,151,0
141,152,0
142,153,1
143,154,1
117,155,0
63,156,0
144,27,0
145,157,0
146,158,0
147,159,1
107,160,0
148,161,0
149,162,0
150,163,0
151,164,0
152,165,0
153,166,0
154,146,0
155,80,0
156,167,0
157,168,0
158,169,1
148,170,1
159,171,1
160,17,0
81,172,0
161,29,0
162,21,0
74,173,0
2,174,0
163,175,0
164,42,0
165,176,0
166,177,0
167,178,0
164,179,0
168,59,0
169,180,1
91,181,0
152,182,0
170,183,0
171,79,0
172,184,0
173,185,0
148,186,0
174,187,0
175,188,0
176,189,0
177,190,0
48,5,0
178,191,0
179,192,0
180,193,0
83,194,1
173,195,0
181,12,0
182,196,0
183,197,0
184,198,0
185,199,0
14,200,0
186,201,1
187,197,0
152,89,0
188,163,0
189,5,0
190,202,0
191,203,0
192,204,0
193,205,0
91,78,0
194,206,0
195,207,0
196,208,1
15,209,0
173,210,0
96,48,0
55,211,0
88,70,0
197,1,0
198,212,0
199,213,1
0,24,0
200,214,0
201,215,0
52,216,0
202,217,0
203,218,0
144,219,0
67,220,0
204,221,0
127,164,0
205,222,0
62,1,0
189,223,0
206,224,1
207,225,0
208,226,0
165,227,0
37,228,0
209,229,0
210,230,0
211,231,0
78,232,0
122,233,0
212,234,0
33,235,0
213,236,0
214,237,0
215,238,0
216,235,0
217,239,0
218,240,0
153,114,0
46,241,0
72,126,0
219,242,0
72,181,0
220,31,0
94,243,0
221,244,0
53,245,0
222,246,0
223,247,0
164,248,0
173,116,0
224,249,0
225,250,1
28,251,0
226,252,0
227,253,0
228,245,0
229,254,0
101,203,0
230,255,0
231,256,0
232,257,1
88,241,0
146,258,0
165,23,0
233,259,1
16,260,0
125,261,0
234,262,0
235,32,0
212,263,0
236,264,0
237,265,0
238,266,0
239,267,0
198,15,0
240,0,0
241,268,0
120,10,0
242,10,0
243,269,0
244,270,1
36,50,0
10,271,0
245,272,0
246,273,0
247,274,0
153,275,0
248,173,0
249,158,0
250,129,0
251,276,0
252,277,0
58,278,0
253,124,0
171,279,0
193,5,0
254,280,0
85,182,0
255,281,0
151,282,1
132,283,0
256,54,0
257,284,0
258,285,0
71,172,0
122,92,0
259,286,0
260,0,0
261,23,0
262,287,0
23,37,0
263,288,0
179,289,0
264,76,0
265,290,0
266,204,0
267,145,0
148,291,0
268,292,0
269,293,0
122,294,0
137,295,0
270,296,0
271,297,0
272,298,0
185,299,0
221,300,0
273,301,1
274,302,0
40,303,0
275,304,0
276,261,0
15,305,0
277,306,0
278,105,0
242,307,0
251,308,0
279,61,1
2,204,0
280,22,0
281,309,0
282,310,0
283,311,1
91,312,0
194,313,0
284,314,0
285,267,0
286,315,0
12,316,0
287,317,0
234,318,0
288,319,0
189,5,0
289,280,0
82,320,0
290,77,0
291,321,0
292,322,0
293,323,0
70,324,0
17,325,0
294,326,1
295,160,0
194,327,0
13,130,0
253,328,0
296,329,0
0,330,0
297,331,0
298,332,0
115,333,0
41,15,0
149,334,0
91,335,0
161,31,0
299,2,0
162,329,0
41,251,0
300,336,0
153,224,0
276,27,0
301,337,1
278,338,0
63,339,0
302,340,0
303,341,1
49,291,0
174,115,0
17,342,0
304,343,1
296,195,0
114,344,0
305,345,1
306,346,0
220,347,0
307,348,0
308,349,0
275,350,0
309,295,0
310,351,1
311,193,0
312,352,0
64,27,0
192,353,0
120,251,0
313,354,0
314,355,0
83,356,0
315,357,0
316,358,1
11,359,1
317,360,0
256,329,0
112,361,0
41,362,0
318,157,0
319,363,1
80,193,0
85,364,0
88,365,0
64,366,0
148,102,0
320,331,0
321,367,0
190,39,0
322,368,0
30,0,0
169,369,0
230,370,0
106,371,0
5,5,0
323,185,0
324,372,0
198,122,0
325,373,0
326,374,0
64,200,0
327,202,0
160,182,0
328,47,0
329,375,0
330,241,0
331,376,1
34,377,0
246,378,0
61,379,0
275,319,0
111,380,0
332,381,0
333,259,0
56,382,0
334,383,0
66,384,0
327,258,0
164,385,0
64,14,0
60,386,0
335,387,0
56,95,0
336,388,1
177,389,0
337,390,0
162,391,0
108,44,0
338,392,0
239,307,0
242,264,0
339,165,0
210,393,0
340,394,0
341,354,0
271,230,0
224,395,0
274,67,0
342,396,1
343,397,0
344,398,0
317,234,0
74,207,0
60,124,0
307,269,0
345,399,0
346,400,1
6,401,0
261,39,0
347,22,0
315,67,0
35,402,0
348,403,0
55,21,0
307,29,0
149,152,0
64,102,0
349,108,0
174,404,0
350,405,0
343,316,0
329,406,0
7,47,0
49,407,0
57,408,0
351,409,0
352,410,1
94,411,0
353,412,1
344,413,0
354,414,0
355,415,0
356,416,0
357,417,0
101,418,0
345,419,0
340,420,1
165,280,1
101,421,0
358,422,0
87,423,0
359,316,0
360,424,0
330,425,0
361,365,0
362,426,0
363,427,0
265,56,0
364,428,0
365,429,0
366,430,1
367,261,1
368,347,0
144,431,0
324,176,0
68,427,0
274,195,0
314,432,0
19,14,0
57,236,0
64,433,0
265,434,0
369,143,0
207,435,0
370,307,0
125,436,0
366,424,0
371,437,0
372,331,0
96,438,0
231,439,0
309,258,0
0,404,0
373,440,0
374,441,0
194,442,0
148,443,0
375,444,0
66,309,0
376,143,0
377,445,0
378,446,0
379,447,0
0,163,0
160,448,0
380,449,1
160,450,0
117,38,0
186,117,0
356,451,1
46,299,0
369,57,0
253,452,0
381,453,0
14,454,0
96,399,0
343,114,0
382,429,0
117,455,0
383,83,0
164,456,0
288,5,0
104,219,0
384,457,0
193,458,0
212,459,0
343,155,0
385,460,1
165,295,0
386,461,0
387,462,0
320,79,0
388,463,0
389,464,0
390,465,0
18,200,0
391,466,0
152,467,0
104,111,0
188,450,0
267,468,0
198,269,0
392,469,0
71,10,0
55,470,0
89,446,0
393,471,0
112,472,0
55,473,0
339,474,0
104,77,0
191,228,0
394,475,1
207,62,0
395,476,0
396,477,1
24,478,0
397,405,0
398,479,0
19,443,0
328,467,0
307,70,0
399,439,0
0,14,0
400,249,0
92,480,0
401,136,0
399,216,0
165,481,0
402,277,0
91,116,0
176,482,1
381,275,0
403,483,0
404,484,1
376,335,0
405,485,0
201,245,0
314,486,0
406,487,1
407,488,0
173,261,0
198,89,0
302,489,0
17,102,0
408,9,1
409,490,0
410,491,0
33,492,0
411,177,0
38,318,1
276,493,0
412,494,0
413,495,0
414,496,0
415,497,0
31,22,0
270,463,0
11,38,0
416,498,0
192,499,0
94,132,0
417,500,0
418,501,0
40,502,0
148,49,0
419,277,1
309,146,0
420,36,0
392,503,0
344,53,0
61,427,0
120,182,0
410,504,0
243,56,0
421,505,0
422,506,1
63,507,0
326,508,1
249,23,0
423,509,0
151,399,0
315,104,0
123,251,0
223,510,0
424,511,1
122,452,0
259,512,0
152,434,0
317,513,0
344,14,0
117,142,0
285,463,0
272,514,0
243,515,0
381,516,0
27,443,0
27,49,0
177,517,0
140,151,0
179,14,0
330,518,0
148,92,0
15,519,0
152,0,0
270,520,0
221,221,0
49,164,0
425,134,1
426,521,0
243,209,0
427,106,1
377,416,0
207,522,0
87,305,0
5,205,0
359,523,0
428,524,0
424,525,0
332,526,0
256,69,0
281,392,0
429,527,0
430,22,0
70,0,0
431,456,0
151,528,0
113,24,0
163,359,0
136,529,0
120,199,0
28,530,0
432,531,0
184,532,0
7,467,0
258,24,0
299,369,0
221,533,0
433,534,0
434,535,0
435,536,0
436,268,0
126,537,0
183,473,0
437,538,1
120,62,0
215,468,0
63,434,0
438,539,0
328,474,0
117,540,0
153,541,0
74,455,0
439,542,0
181,543,0
440,544,0
409,545,0
11,118,0
230,546,0
154,295,0
441,547,1
72,329,0
281,217,0
442,548,0
443,549,0
45,251,0
195,550,1
368,423,0
422,551,0
79,78,0
299,112,0
249,480,0
278,381,0
60,294,0
80,205,0
444,552,0
7,43,0
341,356,0
445,281,0
446,553,0
447,554,0
27,181,0
46,555,0
236,122,0
448,556,0
135,530,0
324,480,0
82,557,0
272,558,0
201,559,0
360,560,0
37,561,0
45,165,0
449,562,0
60,563,0
450,254,0
256,391,0
451,564,0
49,170,0
270,8,0
240,21,0
265,423,0
223,353,0
0,26,0
113,565,0
72,24,0
376,366,0
345,566,0
452,32,0
350,8,0
173,567,0
5,5,0
14,164,0
135,425,0
152,31,0
146,568,0
148,278,0
453,569,0
454,497,0
177,570,0
125,473,0
455,571,1
456,572,0
314,455,0
85,450,0
7,182,0
457,573,1
173,574,0
79,438,0
21,312,0
164,575,0
243,318,0
270,4,0
41,518,0
458,576,0
5,331,0
459,577,1
460,56,0
174,27,0
461,578,1
136,468,0
462,439,0
146,295,0
409,294,1
463,579,0
7,313,0
455,315,1
38,251,0
355,580,0
1,129,0
114,92,0
369,302,0
429,372,0
216,186,0
189,48,0
160,156,0
464,581,0
88,206,0
104,278,0
465,582,0
85,583,0
295,584,0
259,585,0
13,290,0
431,385,0
187,200,0
41,383,0
21,186,0
451,492,0
21,454,0
135,495,0
213,87,0
466,332,0
467,586,0
379,587,0
468,232,0
469,588,1
33,589,0
470,590,0
301,591,0
46,17,0
137,592,0
148,593,0
123,383,0
291,594,0
194,595,0
471,330,0
13,143,0
164,596,0
472,419,0
74,597,0
41,40,0
73,493,0
473,598,1
77,309,0
260,599,0
474,32,0
475,600,0
61,601,0
476,168,0
49,181,0
104,564,0
285,597,0
33,602,0
130,603,0
477,604,0
478,605,1
231,606,0
479,507,0
480,607,1
370,389,0
343,510,0
192,608,0
163,561,0
127,375,0
288,609,0
339,112,0
37,418,1
1,478,0
174,161,0
376,413,0
481,610,1
482,611,0
299,612,0
44,613,0
203,480,0
370,244,0
61,614,0
193,48,0
187,615,0
12,543,0
28,576,0
216,63,0
483,616,1
192,81,0
136,617,0
8,463,0
149,575,0
84,75,0
484,151,0
275,298,0
485,458,0
190,295,0
486,618,1
2,43,0
487,619,0
359,516,0
488,620,1
173,454,0
489,621,0
490,307,0
491,622,0
172,623,0
7,361,0
492,624,0
205,2,0
117,166,0
493,612,0
352,625,1
494,295,0
64,626,0
15,442,0
495,627,0
64,443,0
496,628,0
16,629,1
497,17,0
498,630,0
144,291,0
317,11,0
68,53,0
499,631,0
86,632,1
344,197,0
500,633,0
484,634,0
436,635,0
287,636,0
265,0,0
319,637,0
122,300,0
370,204,0
45,262,0
501,17,0
289,39,0
502,638,0
154,39,0
113,195,0
174,427,0
503,639,1
130,640,0
23,465,0
253,51,0
210,500,0
434,500,0
504,560,1
101,275,0
50,465,0
296,565,0
505,363,0
87,262,0
506,487,0
502,641,1
81,530,0
241,642,0
272,591,0
507,643,0
298,489,0
50,218,0
236,144,0
281,644,0
508,645,0
164,60,0
509,646,0
10,0,0
256,185,0
145,647,0
510,648,0
21,285,0
373,649,0
511,568,0
512,29,0
174,454,0
513,650,1
514,651,0
134,543,0
276,242,0
74,520,0
19,335,1
10,383,0
117,316,0
7,652,1
249,176,0
256,36,0
0,116,0
183,27,0
245,653,0
38,47,0
134,150,0
308,654,0
515,655,1
14,443,0
516,83,0
517,656,0
518,657,1
113,185,0
519,658,0
520,151,0
521,659,0
140,660,0
152,269,0
497,661,0
522,662,1
132,162,0
243,661,0
523,663,0
524,664,0
41,212,0
525,98,1
81,207,0
526,665,1
527,39,0
296,666,0
122,195,0
55,329,0
8,612,0
51,305,0
58,667,0
221,668,0
113,198,0
528,669,1
529,670,0
152,81,0
370,533,0
530,671,1
266,467,0
414,672,0
531,673,1
91,478,0
236,184,0
532,674,0
533,675,0
213,347,0
534,414,0
535,427,0
536,676,1
277,466,0
28,677,0
537,678,1
7,241,0
270,172,0
165,592,0
152,122,0
281,679,0
538,680,0
153,142,0
169,4,0
165,39,0
539,681,1
540,682,0
290,683,0
206,155,0
87,29,0
217,684,0
541,685,0
155,686,0
542,687,1
543,688,0
112,122,0
544,689,0
255,690,0
314,173,0
545,596,0
85,408,1
334,299,0
491,691,1
276,164,0
334,692,0
535,14,0
546,414,0
153,543,0
124,211,0
85,474,0
547,642,0
285,693,0
40,60,0
548,694,1
91,170,0
125,663,0
120,56,0
113,291,0
220,695,0
319,696,0
171,79,0
511,480,0
243,347,0
501,697,0
276,443,0
171,698,0
60,699,0
549,700,1
550,356,0
228,701,0
161,702,0
57,236,0
188,56,0
551,703,0
552,240,0
134,203,0
553,704,0
198,702,0
554,705,1
555,165,0
123,706,0
119,321,0
556,707,1
527,23,1
273,249,0
61,244,0
557,708,0
299,709,0
108,710,0
228,711,0
381,712,1
558,713,0
193,714,0
456,715,0
265,199,0
53,245,0
172,8,0
134,38,0
221,204,0
447,716,0
109,79,0
463,717,0
19,507,0
105,314,0
373,5,0
125,638,0
559,718,0
146,39,0
560,101,0
155,719,0
116,58,0
471,720,0
340,721,0
147,722,0
561,723,0
562,724,0
535,143,0
161,725,0
10,601,0
563,242,0
220,182,0
564,194,0
565,619,0
566,726,0
157,234,0
428,266,1
508,727,0
296,69,0
205,441,0
567,728,0
63,264,0
296,115,0
568,52,0
19,124,0
115,566,0
387,366,0
24,115,0
495,729,0
91,164,0
173,78,0
296,391,0
569,730,0
245,216,0
570,731,0
571,732,0
70,129,0
160,474,0
572,415,1
249,146,0
573,733,1
23,103,0
216,734,0
96,507,0
429,280,0
368,70,0
574,96,1
240,78,0
281,713,0
89,734,0
251,178,1
37,275,0
575,735,0
57,204,0
275,736,0
57,251,0
276,329,0
84,737,0
343,247,0
64,738,0
485,5,0
576,739,0
577,122,0
6,340,0
416,275,0
15,515,0
57,156,0
72,164,0
172,740,0
578,349,0
350,87,0
319,741,0
411,594,0
579,742,0
115,85,0
26,553,0
180,743,0
383,744,1
249,146,0
45,318,0
61,300,0
270,495,0
26,470,0
135,70,0
17,589,0
580,745,0
100,414,0
194,746,0
581,747,0
582,748,0
79,493,0
54,427,0
583,749,1
313,750,0
12,275,0
38,530,0
339,122,0
288,5,0
87,751,0
584,752,0
585,698,0
586,753,1
243,199,0
49,21,0
18,593,0
192,754,0
140,755,0
435,44,0
153,418,0
11,38,0
21,78,0
587,756,0
249,757,0
187,34,0
21,350,0
432,758,1
187,759,0
588,22,0
589,94,0
148,760,0
96,649,0
580,329,0
590,5,0
591,422,1
592,761,1
593,761,0
178,762,0
381,38,0
594,763,0
202,65,0
215,119,0
92,227,0
353,715,0
595,319,0
305,764,0
77,765,0
197,462,0
596,766,0
267,569,0
190,103,0
19,143,0
597,310,0
598,732,0
7,507,1
253,767,0
148,768,0
599,769,0
600,717,0
115,204,0
10,47,0
601,91,0
28,313,0
193,125,0
602,770,0
535,69,0
285,771,0
603,772,0
153,513,0
493,576,0
92,146,0
113,399,0
604,773,0
605,774,1
123,775,0
139,776,0
125,129,0
286,777,0
350,361,0
343,516,0
606,194,0
416,778,1
114,663,0
420,28,0
323,407,0
317,660,1
314,779,0
607,571,0
93,780,1
516,781,0
366,782,0
290,26,0
299,327,0
580,667,0
194,783,0
608,282,0
609,509,0
51,85,1
134,516,0
587,60,0
610,784,0
11,785,0
611,354,0
450,786,1
612,787,0
191,788,0
70,131,0
613,32,0
614,789,1
68,790,0
64,759,0
113,791,0
562,5,0
390,218,1
615,792,0
189,5,0
616,334,0
328,262,0
617,793,1
460,364,0
311,794,1
618,795,0
64,210,0
619,796,0
620,797,1
153,275,0
211,798,0
250,799,0
191,800,0
137,801,0
339,4,0
153,38,0
621,802,0
173,666,0
57,241,0
152,209,0
140,803,0
91,126,0
622,804,0
348,805,0
47,759,0
270,122,1
416,516,0
66,806,0
256,638,0
74,807,0
623,38,1
248,139,0
608,601,0
95,151,0
511,295,0
171,713,0
163,561,0
127,335,0
94,640,0
174,49,0
624,808,0
351,539,0
625,32,0
276,324,0
252,809,1
127,561,0
55,195,0
117,38,0
626,810,0
231,811,0
254,480,0
40,812,0
184,26,0
527,202,0
305,813,0
339,156,0
134,516,1
344,773,0
68,186,0
627,814,0
160,408,0
179,278,0
318,815,0
328,361,0
409,816,0
623,359,0
628,817,0
254,103,0
334,818,0
584,149,0
276,792,0
629,401,0
80,819,0
630,820,1
125,443,0
631,821,0
270,530,0
508,727,0
435,730,0
237,822,0
61,419,0
117,823,0
381,397,0
0,532,0
64,349,0
359,516,0
160,47,0
511,23,0
258,407,0
187,532,0
424,159,0
555,467,0
130,824,0
297,193,0
73,198,1
565,379,0
329,81,0
403,825,0
187,36,0
192,247,0
41,29,0
2,81,0
198,299,0
488,464,0
81,347,0
96,205,0
314,826,0
565,143,0
289,103,0
381,11,0
632,827,1
229,786,0
275,828,1
633,829,0
501,212,0
345,282,0
243,17,0
413,463,0
187,116,0
634,830,1
635,831,1
344,602,0
398,832,1
165,833,0
636,834,0
637,835,1
576,836,0
555,410,0
484,837,0
266,702,0
220,472,0
638,838,0
288,5,0
197,17,0
161,269,0
328,70,0
623,359,0
639,279,0
393,608,0
488,175,0
327,592,0
317,523,0
640,839,0
70,219,0
55,78,0
641,22,0
336,388,0
96,840,0
317,513,0
642,841,0
182,842,0
643,843,0
644,844,0
645,845,1
416,155,0
535,49,0
255,846,1
146,176,0
646,847,0
36,833,0
204,198,0
379,523,0
595,125,0
102,751,0
148,427,0
483,848,0
647,849,0
104,659,0
173,54,0
568,215,0
330,290,0
478,64,0
266,290,0
494,39,0
33,413,0
221,850,0
188,172,0
162,436,0
134,778,0
648,102,0
649,851,0
197,130,0
650,852,1
14,626,0
651,853,0
181,275,0
110,49,0
652,854,0
110,407,0
343,142,0
349,855,0
104,192,0
639,217,1
409,856,0
616,857,0
71,318,0
653,858,0
654,859,1
416,142,0
213,0,0
12,516,0
174,197,0
527,37,0
241,860,1
127,452,0
498,861,0
150,8,0
0,407,0
150,771,0
588,862,1
91,21,0
449,369,0
243,0,0
626,863,1
220,236,0
655,750,0
656,864,1
393,114,0
57,17,1
261,865,0
111,866,0
657,867,1
101,142,0
420,868,1
112,405,0
230,869,0
511,103,0
350,122,0
329,221,0
74,771,0
254,527,0
368,467,0
276,24,0
578,646,1
320,870,0
557,871,0
328,128,0
658,872,0
74,873,0
285,122,0
659,331,0
57,874,0
249,875,0
17,34,0
660,872,0
334,51,0
57,874,0
281,718,0
104,325,0
272,714,0
285,296,0
352,876,0
370,510,0
68,278,0
661,877,1
662,878,0
663,879,1
348,880,0
259,147,0
229,881,1
664,882,0
117,541,1
665,883,1
355,884,1
162,71,0
57,182,0
381,498,0
12,712,0
213,269,0
355,885,1
248,886,0
212,887,1
152,128,0
59,341,0
623,38,1
68,14,0
122,386,0
336,888,1
164,637,0
113,615,0
152,874,0
434,889,0
666,890,0
555,317,1
112,2,0
511,527,0
91,211,0
242,165,0
667,891,1
270,706,0
668,892,0
572,884,0
669,893,1
299,441,1
27,768,0
94,894,0
56,351,0
605,895,0
162,324,0
431,741,1
183,896,0
163,38,0
21,759,0
170,897,0
17,143,0
254,146,0
670,3,0
39,759,0
19,300,0
125,344,0
91,242,0
296,77,0
488,38,0
174,164,0
671,898,0
248,899,1
115,307,0
479,307,0
672,335,0
59,117,0
673,900,1
46,47,0
79,760,0
512,901,0
589,902,1
674,158,0
14,745,0
149,151,0
3,903,0
675,405,0
374,204,0
15,423,0
393,570,0
676,622,0
429,103,0
172,72,0
446,1,0
81,365,0
677,904,0
140,905,0
41,182,0
678,906,0
679,907,1
52,606,0
433,356,0
413,908,0
330,165,0
271,476,0
117,38,0
680,287,0
625,22,1
236,405,0
164,410,0
24,330,0
516,744,0
246,909,0
681,275,0
91,663,1
45,236,0
87,241,0
682,910,1
595,223,0
683,911,0
313,912,0
80,913,0
161,362,0
391,914,0
91,565,0
684,915,1
243,725,0
112,369,0
429,865,0
685,916,0
58,917,1
15,236,0
2,566,0
274,918,0
686,919,0
55,329,0
37,166,0
687,920,0
88,222,0
5,921,0
144,49,0
370,353,0
221,399,0
323,922,1
579,923,0
79,924,0
156,925,1
675,184,0
213,212,0
37,203,0
11,541,0
588,414,0
688,926,0
148,927,0
596,928,0
103,258,0
689,929,0
401,22,0
70,330,0
245,930,1
131,931,0
690,293,0
400,777,0
691,769,0
33,932,0
616,933,1
525,934,0
330,530,0
194,333,0
248,935,0
102,10,0
90,327,0
293,936,0
577,0,0
381,937,0
313,938,1
692,55,0
595,819,0
631,444,0
266,182,0
244,939,0
315,602,0
693,940,1
46,212,0
372,870,0
648,17,0
694,941,0
695,32,0
141,491,1
293,942,0
513,836,1
60,943,0
153,788,1
388,121,1
324,202,0
21,615,0
298,534,0
112,101,1
243,441,0
150,520,0
341,750,0
21,564,0
696,180,0
408,944,0
49,34,0
81,327,0
395,945,0
411,946,0
52,947,1
173,443,0
122,593,0
368,10,0
223,570,0
165,258,0
697,948,0
296,768,0
511,865,0
390,527,0
376,67,0
698,949,0
187,950,0
662,951,0
512,327,1
600,517,0
102,262,0
451,41,0
479,51,0
144,185,0
253,561,0
266,17,0
664,952,0
61,81,0
116,953,0
89,954,0
46,236,0
18,54,0
24,78,0
479,601,0
153,399,0
120,172,0
173,329,0
223,528,1
369,593,0
699,44,0
226,1,1
117,543,0
256,792,0
700,955,1
45,15,0
177,353,0
137,103,0
569,956,0
687,957,0
150,495,0
407,637,0
10,434,0
701,32,0
702,958,1
266,251,0
345,813,0
0,959,0
291,960,0
203,103,0
321,828,0
240,961,0
272,913,0
703,962,0
475,22,0
599,963,0
704,964,1
74,965,0
72,54,0
416,399,0
705,569,0
234,199,0
161,472,0
150,740,0
706,966,0
707,572,0
234,423,0
199,967,0
179,325,0
550,968,0
194,313,0
674,37,0
246,969,0
190,592,0
287,410,0
137,176,0
708,954,0
314,713,0
409,924,0
139,970,0
191,244,0
40,971,1
351,972,1
213,15,0
692,411,0
409,973,0
709,974,0
57,251,0
710,975,0
296,54,0
193,558,1
9,944,0
46,441,0
343,142,0
711,976,0
125,21,0
111,977,0
319,385,0
712,978,1
202,698,0
503,979,0
229,980,0
309,833,0
713,981,1
13,427,0
714,723,1
368,383,0
278,460,0
383,750,0
188,0,0
698,982,1
715,983,0
716,305,0
152,362,0
370,198,0
74,984,0
186,633,0
256,24,0
265,474,0
717,985,1
125,116,0
718,805,0
266,986,0
411,987,0
140,988,1
153,155,0
606,750,0
719,758,0
319,456,0
289,227,0
154,592,0
720,989,1
640,862,0
414,990,0
664,796,0
474,22,0
307,87,0
137,50,0
265,472,0
721,991,0
78,992,0
135,251,0
256,261,0
722,993,0
62,407,0
125,27,0
559,920,0
723,994,1
110,391,0
5,193,0
724,995,1
96,307,0
298,194,0
266,583,0
416,155,0
674,258,0
496,514,0
19,210,0
125,219,0
85,122,0
288,5,0
98,996,0
12,523,0
324,875,0
228,997,0
330,262,0
315,745,0
725,998,1
179,143,0
363,221,0
58,219,0
21,366,0
350,623,0
174,21,0
687,999,0
726,1000,0
307,305,0
164,971,0
317,1001,0
307,434,0
85,10,0
0,1002,0
299,4,0
150,72,0
48,5,0
608,608,0
310,55,0
504,1003,1
580,77,0
7,165,0
0,34,0
727,1004,1
265,530,0
98,1005,0
728,345,0
216,745,0
94,243,0
148,413,0
520,151,0
674,481,0
125,922,0
14,210,0
132,1006,0
264,1007,0
396,1008,0
369,219,0
328,423,0
324,527,0
729,872,0
409,1009,0
190,481,0
658,524,0
659,205,0
114,799,0
164,970,0
276,49,0
730,1010,1
81,112,0
303,201,0
333,627,1
1,407,0
343,561,1
64,492,0
516,887,0
13,128,0
731,1011,1
166,946,1
206,224,1
40,1012,0
413,369,0
732,1013,1
264,1014,0
70,335,0
673,389,0
733,606,0
172,405,0
281,878,0
122,927,0
538,1015,0
271,106,0
55,335,0
245,947,0
542,1016,0
356,649,0
132,708,0
494,50,0
265,182,0
734,856,0
75,22,0
662,1017,0
101,38,0
155,95,0
278,729,0
140,1018,0
735,1019,0
134,785,1
359,1020,0
736,1021,0
466,1022,1
350,740,1
24,436,0
174,210,0
737,1023,1
91,443,1
174,760,0
66,698,0
138,1019,0
580,329,0
738,512,0
220,299,0
91,195,0
739,414,0
174,1024,0
290,130,0
600,608,0
190,146,0
58,683,0
258,473,0
179,492,0
198,81,0
188,441,0
106,476,0
33,404,0
577,4,0
180,628,0
169,101,0
740,286,1
185,555,0
311,331,0
413,576,0
73,85,0
384,1025,0
275,1026,0
359,150,0
390,295,0
460,307,0
741,1027,0
475,1028,0
134,203,0
501,290,0
12,38,0
41,327,0
742,864,0
330,89,0
1,197,0
508,1029,0
298,938,0
369,1030,0
175,882,0
105,1031,0
499,1032,0
240,262,0
568,245,0
27,197,0
580,443,0
57,339,0
21,102,0
559,878,0
479,1033,0
172,122,0
388,122,0
61,1033,0
72,760,0
266,209,0
743,1034,0
565,668,0
0,759,0
334,1035,0
458,771,0
507,189,0
7,222,0
57,364,0
84,1036,0
53,189,0
744,503,1
72,638,0
745,32,0
570,1037,0
556,22,0
746,810,0
366,858,1
747,1038,0
245,1039,0
51,1035,0
588,600,0
120,262,0
748,1040,1
33,131,0
57,518,0
13,164,0
749,228,0
716,517,0
750,1041,0
94,603,0
374,122,0
309,176,0
311,649,0
454,1042,0
707,189,0
121,1043,0
341,1044,0
361,347,0
479,517,0
751,1045,0
308,628,0
57,362,1
164,1046,0
162,666,0
56,411,0
307,0,0
254,50,0
27,34,0
752,253,1
753,1047,1
108,1048,1
410,151,0
188,89,0
267,1049,1
516,260,0
754,1050,1
755,1051,0
756,1052,1
757,1053,0
361,70,0
269,1054,1
91,161,0
135,81,0
758,907,0
34,501,0
24,404,0
94,80,0
286,1055,0
10,122,0
759,582,0
91,115,0
146,801,0
713,1056,1
37,399,0
230,1057,1
173,27,0
10,550,0
436,401,0
453,914,0
387,102,0
72,261,0
164,141,0
50,527,0
285,8,0
104,41,0
302,6,1
270,89,0
90,365,0
110,792,0
61,399,0
197,77,0
600,305,0
760,1058,1
37,800,1
409,1009,0
681,316,0
85,165,0
761,1059,0
55,34,0
41,199,0
762,270,0
307,40,0
523,161,0
91,924,0
329,190,0
135,1060,0
309,50,0
19,924,0
125,1061,0
763,710,1
750,925,0
90,160,0
26,683,0
174,211,0
764,1062,1
633,1063,0
370,532,0
256,574,0
765,947,0
766,1064,1
767,436,0
54,186,1
768,1065,0
769,1066,1
92,801,0
114,759,0
770,1067,1
540,1068,0
110,329,0
1,436,0
275,1069,0
57,182,0
309,146,0
771,214,1
296,36,0
772,167,0
773,1070,0
276,185,0
125,242,0
49,242,0
774,1071,0
508,336,0
332,1072,0
270,467,0
85,262,0
711,1073,0
516,1074,0
401,32,0
212,1075,0
775,1076,1
330,56,0
675,1077,0
160,180,0
370,399,0
230,151,0
91,24,0
776,1078,0
242,1079,0
0,443,0
296,126,0
343,359,0
527,592,0
72,626,0
24,195,0
56,80,0
284,381,0
96,331,0
613,1080,1
576,231,1
269,1081,0
160,661,0
777,1082,0
113,77,0
17,63,0
72,27,0
237,1083,0
289,592,0
12,587,0
778,394,1
77,1017,0
30,70,0
516,660,0
674,280,0
548,1084,1
637,1082,0
672,1085,0
683,399,0
590,649,0
270,369,0
125,197,0
564,1086,0
779,1087,0
410,812,0
559,957,0
161,15,0
492,1088,0
261,875,0
376,115,0
275,1089,0
66,1090,0
24,666,0
390,592,0
125,185,0
202,384,0
113,170,0
160,364,0
148,663,0
506,448,1
119,1091,0
95,1092,0
14,115,0
198,10,0
7,550,0
343,516,0
266,518,0
339,775,0
497,15,0
253,1093,0
685,832,0
102,128,0
16,1094,0
254,23,0
19,593,0
336,888,0
85,156,0
144,36,0
497,290,0
197,1095,0
24,27,0
7,307,0
221,1096,0
7,362,0
110,666,0
687,765,0
381,1097,0
696,361,0
780,1098,0
771,1099,0
584,575,0
429,481,0
113,116,0
485,500,0
38,209,0
266,241,0
185,0,0
172,1100,0
398,916,0
57,128,0
516,834,0
256,443,0
39,131,0
270,771,0
481,1101,0
102,182,0
781,1102,1
7,313,0
559,384,0
782,1103,0
80,1104,0
122,19,0
621,526,0
74,1105,0
783,1106,0
551,310,0
155,382,0
550,938,0
183,759,0
122,13,0
146,227,0
653,1107,0
571,1108,0
216,1109,0
185,262,0
290,553,0
222,1110,1
361,706,0
501,47,0
603,1111,0
356,819,0
166,120,0
116,341,0
0,329,0
148,242,0
784,906,1
785,1112,1
315,759,0
327,875,0
33,918,0
786,513,1
687,713,0
183,63,0
614,1113,0
307,425,0
472,1114,0
488,38,0
110,473,0
665,1115,0
467,276,0
787,1116,0
373,5,0
317,203,0
363,399,0
788,1117,1
181,778,0
0,27,0
674,146,0
305,419,0
70,436,0
774,1118,1
11,464,0
288,440,1
789,877,0
437,1119,0
790,1120,0
527,295,0
50,480,0
113,792,0
183,918,0
388,369,0
258,638,0
114,261,0
311,322,0
501,40,0
675,122,0
339,110,0
791,1085,1
162,330,0
792,1121,1
793,1122,0
292,1104,0
14,404,0
72,36,0
3,152,0
623,155,0
253,561,0
390,158,0
309,93,0
565,570,0
171,920,0
179,593,0
460,467,0
125,36,0
35,638,0
339,818,0
690,1123,1
334,262,0
794,22,0
411,245,0
258,54,0
242,121,0
94,1124,0
392,625,0
475,136,0
795,1125,1
299,10,0
675,1126,0
174,200,0
115,2,0
796,1127,0
343,38,0
77,718,0
45,199,0
734,816,0
797,1128,1
456,1129,0
149,970,0
607,1055,0
243,251,0
600,51,0
180,349,0
330,408,0
219,200,0
148,67,0
68,927,0
220,10,0
275,649,0
798,1130,1
799,1131,0
80,79,0
137,202,0
800,22,0
321,794,0
2,570,0
801,101,0
370,1132,0
436,340,0
0,615,0
485,125,0
78,1133,0
54,366,0
61,1093,0
72,666,0
315,593,0
173,792,0
436,642,0
258,34,0
160,597,0
38,15,0
30,163,0
19,102,0
2,190,0
242,267,0
324,158,0
96,125,0
7,81,0
3,696,0
802,18,0
456,514,0
123,425,1
15,702,0
134,38,0
400,395,0
414,247,0
716,1035,1
590,5,0
72,242,0
729,889,0
786,513,1
238,460,0
36,481,0
419,1134,0
803,1135,1
510,1136,0
234,209,0
120,709,0
226,67,0
321,1104,0
169,2,0
320,125,1
101,778,0
328,0,0
173,791,0
451,18,0
28,383,0
675,612,0
648,1137,0
281,1017,0
350,520,0
488,498,0
114,34,0
73,1138,0
637,1139,0
237,1140,0
376,14,0
275,1141,0
535,242,0
113,324,0
670,1142,0
49,663,0
608,406,0
50,176,0
163,275,0
374,112,0
164,162,0
804,1143,0
67,1144,0
686,972,0
805,1145,0
228,52,0
123,165,0
806,772,0
185,1146,0
383,534,0
535,211,0
304,1147,0
83,750,0
245,216,0
700,1148,1
565,427,0
408,1149,0
23,801,0
807,413,0
16,892,0
27,115,0
763,1058,0
808,22,0
687,65,0
122,759,0
15,165,0
188,112,0
135,163,0
314,921,0
808,414,0
193,609,0
809,813,0
230,151,0
317,359,0
27,493,0
253,1150,0
520,380,0
221,507,0
810,685,1
70,27,0
57,327,0
456,189,0
359,397,0
216,325,0
197,470,0
350,339,0
281,75,0
151,496,0
258,436,0
811,781,0
73,532,0
391,1139,0
812,1151,1
198,576,0
813,1152,1
135,405,0
577,576,0
148,1109,0
160,361,0
317,498,0
104,1153,0
72,443,0
243,702,0
265,251,0
243,40,0
641,600,0
564,1154,0
674,480,0
608,221,0
814,1155,0
485,5,0
242,1156,0
182,1157,0
527,176,0
258,565,0
341,744,0
35,54,0
815,1158,0
816,522,0
187,14,0
194,333,0
817,1159,0
57,515,0
179,335,0
818,1160,0
368,122,0
10,361,0
219,69,0
266,15,0
377,1161,0
819,1082,0
234,212,0
786,203,0
571,1162,0
820,32,0
737,1091,0
674,757,0
821,98,0
90,1163,0
822,1164,0
110,36,0
276,344,0
462,497,0
389,150,0
122,566,0
344,63,0
329,406,0
407,741,0
696,7,0
242,1079,0
314,1165,0
823,1166,1
498,946,0
180,1167,0
113,164,0
623,523,0
33,278,0
824,1168,1
493,1169,1
241,635,0
411,707,0
46,269,0
150,908,1
344,1109,0
825,1170,1
21,54,0
587,933,0
0,324,0
343,570,0
150,612,0
7,746,0
826,230,0
24,663,0
146,465,0
102,661,0
162,24,0
793,1171,0
198,56,0
10,70,0
30,576,0
194,383,0
827,1098,1
746,1172,1
195,313,0
388,807,0
287,918,0
74,1173,0
309,103,0
77,957,0
828,1174,1
46,434,0
272,1104,1
829,1175,0
215,1049,0
256,210,0
379,12,1
253,335,0
72,391,0
830,1176,0
693,414,0
299,87,0
497,56,0
628,1059,0
61,307,0
831,216,1
672,197,0
57,17,0
64,760,0
832,1177,0
119,1178,0
179,427,0
236,463,0
261,176,0
7,31,0
285,405,0
161,467,0
376,740,0
138,895,0
833,1179,0
489,744,0
834,1180,1
681,516,0
71,262,0
629,635,0
514,1181,0
835,1182,1
113,663,0
236,8,0
150,576,0
555,216,0
48,5,0
38,199,0
125,478,0
836,1109,1
399,947,0
221,419,0
85,347,0
837,1183,1
324,218,0
264,1184,0
64,638,0
334,85,0
188,62,0
122,1185,0
24,36,0
148,71,0
623,142,0
162,131,0
174,768,0
77,878,0
131,931,0
629,642,0
7,31,0
166,1091,0
838,551,0
499,1186,0
839,1187,0
132,990,0
840,1188,1
46,100,0
772,1189,0
2,114,0
413,8,0
85,70,0
369,18,0
109,79,0
841,1190,0
550,354,0
369,289,0
194,43,0
14,18,0
249,218,0
511,158,0
64,567,0
463,85,0
404,1191,0
8,1192,0
842,1193,0
127,174,0
289,218,0
838,666,0
386,1194,0
363,190,0
149,812,0
181,516,0
509,654,0
598,1195,1
114,131,0
202,679,0
500,953,0
231,836,0
122,186,0
112,327,0
30,56,0
547,268,0
584,334,0
763,1048,0
824,1196,0
144,638,0
186,1197,0
843,694,0
373,458,0
1,324,0
668,1154,0
844,239,1
708,1198,0
845,950,0
22,414,0
581,1199,0
182,1200,0
737,1201,0
41,100,1
174,663,0
590,5,0
846,1202,0
847,1014,0
163,788,0
122,1009,0
113,181,0
56,743,0
324,23,0
848,1203,1
164,364,0
791,1204,0
507,459,0
356,193,0
849,622,0
39,1205,0
110,478,0
850,1206,0
851,1207,1
70,78,0
71,199,0
484,1208,0
46,474,0
118,145,0
320,819,0
134,498,0
36,103,0
123,56,0
149,1209,1
254,218,0
852,808,0
324,37,0
91,436,0
485,223,0
84,1162,0
193,649,0
758,907,0
580,24,0
853,1210,0
277,1211,0
88,530,0
854,59,1
619,882,0
330,81,0
321,304,0
855,1212,0
500,201,0
205,87,0
623,561,0
181,785,0
608,244,0
562,79,0
143,882,0
137,481,0
334,0,0
19,161,0
110,532,0
363,767,0
812,1135,0
495,1213,0
48,79,0
296,49,0
33,49,0
856,1214,1
456,98,0
114,291,0
1,69,1
857,338,0
745,414,0
136,848,0
102,241,0
688,1215,1
587,1216,0
858,1217,1
285,339,0
308,711,0
91,615,0
144,210,0
383,1218,0
562,5,0
734,294,0
357,1219,1
424,1058,0
739,32,0
68,302,0
220,15,0
322,1220,1
604,927,0
114,24,0
57,408,0
81,576,0
296,407,1
45,515,0
686,371,0
479,124,0
46,251,0
56,88,0
485,1221,0
558,765,0
337,996,1
859,1222,0
140,1223,0
369,492,0
177,244,0
50,801,0
523,185,0
860,1181,0
307,695,0
38,212,0
309,592,0
127,2,0
310,411,0
140,1224,0
188,383,0
390,93,0
184,1225,0
413,101,0
861,1226,0
190,158,0
71,112,0
105,802,0
383,938,0
451,1227,0
328,112,0
862,1228,0
55,28,0
106,1229,1
426,482,0
535,170,0
191,778,0
313,796,0
14,235,0
234,100,0
266,361,0
288,1230,1
489,1086,0
14,473,0
184,335,0
632,948,0
35,436,0
330,327,0
734,386,0
314,976,0
186,784,0
51,1146,0
507,245,0
497,212,0
24,187,0
863,264,0
17,413,1
816,966,1
368,555,0
133,966,0
2,198,0
508,716,0
384,1231,0
864,399,0
254,39,0
865,1232,0
135,62,0
177,114,0
117,359,0
866,1233,0
16,629,0
341,1086,0
46,29,0
791,54,0
327,480,0
236,908,0
27,427,0
621,314,0
250,181,0
125,78,0
94,137,0
867,332,0
118,1234,0
174,473,0
674,372,0
378,734,0
390,50,0
485,48,0
275,349,0
26,1235,0
249,37,0
339,434,0
300,645,0
258,129,0
343,275,0
572,885,0
1,54,0
772,617,0
868,424,1
610,1236,0
92,258,0
134,540,0
859,1237,1
869,348,0
83,912,0
315,492,0
423,168,0
276,291,0
156,1022,0
870,1238,1
366,1107,0
10,474,0
387,492,0
540,1113,1
92,176,0
497,339,0
420,407,0
161,361,0
285,807,0
24,185,0
103,592,0
153,142,0
871,414,0
511,176,0
202,644,0
872,345,0
61,143,0
519,929,0
198,165,0
675,1239,1
207,112,0
163,142,0
871,32,0
391,119,1
284,1240,0
121,708,0
296,185,0
28,101,0
152,29,0
873,537,0
67,1241,0
74,109,0
0,197,0
73,399,0
48,205,0
242,361,0
104,492,0
874,1242,1
95,151,0
356,298,0
662,765,0
11,1243,0
248,1244,0
122,404,0
27,760,0
258,454,0
727,1245,0
309,568,0
511,150,0
390,227,0
16,1246,0
94,382,0
446,1225,0
511,228,0
38,128,0
13,235,0
188,530,0
502,200,0
134,275,0
732,1059,0
460,576,0
577,472,0
328,29,0
74,921,0
0,427,0
307,165,0
410,761,0
733,439,0
423,234,0
875,416,0
648,366,0
392,876,1
57,29,0
876,1247,0
877,203,0
777,1248,0
497,751,0
375,789,0
40,1249,0
241,6,0
182,1250,0
308,1251,0
291,459,0
25,1252,0
57,290,0
511,481,0
242,339,0
266,180,0
270,425,0
671,848,0
102,212,0
512,209,0
493,184,0
70,924,0
57,179,0
875,1005,0
68,602,0
361,775,0
498,1201,0
595,79,0
373,79,0
706,522,0
130,603,0
286,571,0
7,601,0
807,918,0
497,874,0
62,1253,0
57,15,0
387,433,0
823,82,0
194,124,0
45,269,0
13,1254,0
446,470,0
87,112,0
90,855,0
593,1216,0
125,792,0
330,172,0
13,759,0
113,608,0
265,165,0
110,53,0
862,282,0
590,819,0
38,555,0
375,1255,1
211,1256,0
878,1257,0
155,80,0
481,843,0
206,203,0
177,81,0
265,450,0
153,247,0
74,1079,0
879,1258,0
880,1259,1
163,38,0
226,443,0
61,857,1
253,85,0
19,285,0
253,507,0
60,1248,0
696,450,0
545,632,0
60,740,0
695,22,0
496,714,0
383,332,0
17,532,0
85,128,0
160,179,0
122,85,0
194,442,0
194,365,0
174,324,0
120,423,0
88,576,0
162,574,0
881,1260,1
356,514,1
235,22,0
258,71,0
686,266,0
882,675,0
194,746,0
234,305,0
429,568,0
453,1261,0
296,187,0
285,307,0
249,865,0
220,269,0
210,814,0
191,166,0
745,22,0
17,124,0
120,775,0
410,152,0
394,520,1
883,1262,1
152,241,1
373,5,0
79,129,0
296,92,0
482,611,0
884,356,0
281,999,0
276,115,0
17,294,0
717,1108,0
885,1202,0
864,1263,0
15,555,0
742,1264,1
595,193,0
10,652,0
456,52,0
192,517,0
314,1265,0
131,931,0
277,1071,0
886,142,0
887,230,0
224,571,0
163,11,0
27,454,0
70,24,0
888,1266,0
889,1267,0
446,478,0
662,279,0
57,702,0
513,1268,0
78,1269,1
91,407,0
49,161,0
615,324,0
309,280,0
117,421,0
890,1270,1
185,305,0
370,2,0
891,1271,1
334,2,0
177,1033,0
353,1272,0
304,1147,0
202,718,0
63,597,0
674,202,0
790,1273,0
551,1127,0
892,1274,1
893,479,1
418,35,1
848,1275,0
120,101,0
36,757,0
173,161,0
154,103,0
114,161,0
418,377,0
383,1276,0
198,472,0
127,561,0
7,369,0
281,765,0
57,327,0
464,1277,0
485,5,0
894,1278,1
674,833,0
341,938,0
216,41,0
230,151,0
288,205,0
132,139,0
493,475,0
70,454,0
631,1255,0
163,1279,0
216,357,0
814,1251,0
895,1280,0
896,1281,0
343,359,0
683,247,0
216,564,0
562,819,0
163,12,0
152,423,0
885,1282,0
30,1283,0
511,37,0
17,404,0
490,164,0
284,802,0
370,406,0
590,205,0
79,344,1
154,865,0
738,1110,0
897,1284,0
216,462,0
479,282,0
230,151,0
173,131,0
516,1285,1
843,1286,0
898,796,0
258,791,0
744,876,0
795,1287,0
501,702,0
460,70,0
527,93,0
275,292,0
233,1275,1
17,1185,0
54,602,0
376,92,0
92,23,0
188,467,0
253,1158,0
114,129,0
181,660,0
152,40,0
525,1288,0
899,681,0
795,1289,0
900,1290,0
203,801,0
198,262,0
49,391,0
123,172,0
163,620,0
64,462,0
45,305,0
68,63,0
183,102,0
383,194,0
64,126,0
595,127,0
237,1291,0
381,1292,0
901,1293,1
236,1192,0
350,771,0
593,776,0
775,1294,1
12,464,1
191,788,0
885,1295,0
45,423,0
368,31,0
344,918,0
681,1296,1
171,1297,0
902,1298,1
13,745,0
436,766,0
117,800,0
344,67,0
562,331,0
21,219,0
194,783,0
687,309,0
160,385,0
556,414,0
75,32,0
23,176,0
6,489,0
479,335,0
889,1299,0
315,404,0
516,234,0
127,499,0
903,809,0
563,1138,0
380,1300,1
488,12,0
254,258,0
140,1301,0
275,794,0
808,485,0
413,1060,0
904,1302,0
254,146,0
852,1303,0
623,142,0
64,312,0
213,40,0
577,706,0
7,434,0
314,15,0
507,572,0
905,1304,0
479,2,0
314,1305,0
140,837,0
368,172,0
324,801,0
897,1284,0
110,404,0
36,527,0
608,81,0
448,1306,1
153,561,0
144,261,0
281,957,0
906,611,0
120,706,0
314,873,0
57,361,0
14,181,0
604,278,0
241,340,0
413,472,0
152,555,0
502,756,0
555,636,0
136,1307,0
60,323,0
565,221,0
94,1308,0
907,755,1
172,1060,0
299,241,0
267,848,0
787,1309,0
456,245,0
248,486,0
908,1310,1
332,1031,0
909,1311,1
254,833,1
345,748,0
216,602,0
339,467,0
163,1243,0
160,829,0
149,151,0
55,615,0
313,1273,0
206,513,0
477,619,1
6,928,0
27,532,0
309,158,0
101,228,0
616,198,0
307,56,0
224,777,0
598,1162,0
48,5,0
350,463,0
288,5,0
113,638,0
550,912,0
123,112,0
460,262,0
344,302,0
805,1312,0
721,1313,0
49,200,0
501,209,1
145,815,0
188,2,0
134,587,0
70,126,0
313,332,0
910,1314,0
911,1315,1
912,1316,0
608,406,0
155,137,0
662,679,0
205,472,0
317,1317,0
134,316,0
172,112,0
49,567,0
716,85,0
102,236,0
70,423,0
370,221,0
95,578,1
76,1037,0
570,993,0
139,1318,0
374,87,0
102,299,0
820,414,0
676,1319,1
207,1320,0
83,354,0
79,161,0
644,629,0
514,108,0
913,101,0
266,347,0
17,300,0
99,1272,0
381,38,0
98,1251,0
914,1321,0
182,1099,0
113,36,0
114,200,0
1,663,0
112,172,0
63,362,0
416,1243,0
577,101,0
81,550,0
5,1230,0
117,155,0
216,1322,0
689,1323,1
671,1324,0
105,338,0
28,165,0
194,450,0
215,1234,0
6,268,0
148,344,0
915,1325,0
256,532,0
135,463,0
314,72,0
73,324,0
524,1326,1
307,299,0
102,29,0
648,59,0
12,275,0
49,312,0
164,1327,0
125,126,0
113,126,0
265,555,0
290,1235,0
916,1328,1
154,93,0
369,427,0
621,1329,0
917,1330,0
163,541,0
5,127,0
38,236,0
918,121,0
261,801,0
135,520,0
70,427,0
595,609,0
38,695,0
120,383,0
38,0,0
411,1091,0
378,1331,0
171,644,0
500,58,0
577,383,0
577,423,0
829,1332,0
859,1333,0
2,818,0
762,939,1
350,1192,0
638,1334,0
27,950,0
429,480,0
727,1335,0
805,185,0
94,80,0
919,611,0
243,299,0
82,1166,0
265,327,0
164,1336,0
50,93,0
21,49,0
236,1077,0
623,155,0
64,473,0
841,1337,1
608,247,0
835,1004,0
166,1201,1
70,29,0
597,703,0
920,245,0
497,47,0
221,1093,0
270,0,0
565,471,0
115,1132,0
71,241,0
160,874,0
687,644,0
113,389,0
512,251,0
484,151,0
85,515,0
921,426,1
160,1046,0
46,361,0
527,568,0
22,32,0
539,1338,0
91,329,0
253,81,0
246,1339,0
17,740,0
320,193,0
24,638,0
57,725,0
261,228,0
144,54,0
669,1081,0
111,1340,0
484,1135,0
288,5,0
49,454,0
140,781,0
397,520,0
81,361,0
922,1341,0
427,460,0
120,4,0
135,112,0
716,452,0
632,1342,0
327,93,0
338,1343,1
898,445,0
70,1024,0
359,785,0
163,785,0
237,168,0
6,635,0
110,181,0
130,80,0
387,63,0
584,776,0
122,1158,0
72,344,0
327,37,0
343,540,0
497,519,0
70,262,0
593,221,0
95,923,0
693,136,0
923,1196,0
675,196,1
924,1098,0
339,222,0
648,53,0
493,520,0
163,113,0
258,36,0
35,791,0
119,946,0
81,425,0
581,1139,1
68,413,0
2,608,0
5,5,0
113,329,0
94,1344,0
5,5,0
501,515,0
191,1243,0
203,202,0
488,1279,0
193,5,0
925,1345,0
309,527,0
14,49,0
780,1041,0
609,168,0
429,833,0
183,21,0
7,110,0
148,14,0
511,833,0
115,452,0
162,567,0
120,425,0
926,1346,0
60,19,0
577,986,0
55,27,0
23,568,0
17,427,0
63,56,0
687,1017,0
508,336,0
927,1347,1
64,242,0
348,1348,0
696,43,0
303,953,0
928,551,0
144,436,0
580,211,0
68,1349,1
258,391,0
189,5,0
14,1030,0
193,5,0
315,235,0
486,851,0
607,777,0
188,576,0
130,382,0
115,608,0
479,174,0
696,10,0
929,823,1
613,414,0
71,81,0
523,1350,0
930,1351,1
314,1352,0
446,211,0
72,1024,1
183,53,0
816,1150,0
91,1024,0
429,93,1
931,1353,1
187,195,0
696,87,0
328,702,0
101,316,0
362,162,0
734,342,0
513,231,0
258,574,0
85,89,0
320,724,0
117,788,0
57,40,0
314,1354,0
220,702,0
932,1355,0
680,1356,1
238,297,0
360,1357,0
25,1358,0
446,792,0
918,807,0
173,102,0
933,967,1
100,1359,0
237,660,0
672,34,0
621,729,0
391,569,0
17,386,0
60,834,0
19,760,0
64,602,0
171,384,0
716,199,0
369,1360,0
21,743,0
111,1330,0
344,92,0
674,865,0
213,519,0
24,626,0
76,981,0
309,480,0
37,788,0
130,719,0
146,875,0
216,1030,1
114,478,0
674,218,0
934,342,0
614,1255,0
935,1361,0
329,282,0
936,1281,1
887,1362,1
198,241,0
603,91,0
91,291,0
846,1282,1
174,36,0
183,186,0
162,473,0
653,439,0
370,1033,0
697,1363,0
242,165,0
198,199,0
5,724,0
937,774,0
123,576,0
520,805,0
134,397,0
190,50,0
314,1364,0
61,566,0
716,198,0
198,70,0
1,36,0
122,335,0
63,661,0
13,1002,0
540,1255,0
576,430,0
226,261,0
938,1365,1
489,1218,0
559,75,0
472,764,0
234,519,0
453,145,0
601,1163,0
278,526,0
325,1366,0
939,1367,1
519,1368,1
562,440,0
431,488,0
711,1369,0
940,1370,1
831,216,1
941,1371,0
257,1372,0
262,1373,0
384,1374,0
17,235,0
339,1375,0
705,1189,0
376,1376,0
694,1377,1
320,840,0
127,282,0
631,789,0
368,236,0
185,423,0
327,176,0
23,146,0
36,176,0
231,560,0
155,80,0
621,105,0
595,724,0
929,32,0
9,1378,0
152,262,0
507,215,0
192,221,0
0,92,0
31,1379,1
172,4,0
307,318,0
38,519,0
0,49,0
920,1129,0
610,953,0
942,457,0
114,404,0
91,473,0
720,1189,0
491,1319,0
359,561,0
136,1284,0
234,361,0
261,103,0
103,618,0
943,136,0
566,1380,0
266,725,0
103,851,1
149,491,0
765,876,0
226,69,0
859,1034,0
314,1381,0
276,335,0
428,371,0
343,203,0
904,647,0
92,218,0
374,327,0
376,34,0
395,371,1
631,789,0
681,275,0
123,441,0
497,128,0
344,186,0
223,608,0
563,690,0
110,959,0
63,165,0
197,553,0
366,1366,0
944,895,1
242,361,0
25,1382,1
88,19,0
274,102,0
17,278,0
936,1022,0
185,51,1
460,425,0
303,1236,0
148,759,0
270,1192,0
193,5,0
692,95,1
94,243,0
166,245,0
945,320,0
15,347,0
114,454,0
181,275,0
85,180,0
302,766,0
578,654,0
46,112,0
946,656,0
238,476,1
163,359,0
57,56,0
509,1167,1
126,1383,0
947,1140,1
57,212,0
123,467,0
203,1384,0
366,560,0
733,836,0
114,116,0
563,200,0
948,1099,1
253,427,0
949,1114,0
212,744,0
289,202,0
729,500,0
58,77,0
187,28,0
291,1091,0
194,692,0
316,1385,0
7,1376,0
185,608,0
28,4,0
315,734,0
674,23,0
565,1093,0
315,1386,0
174,565,0
140,151,0
668,16,0
58,927,0
516,835,0
479,1035,0
950,1387,0
786,224,0
236,121,0
201,189,0
504,1388,0
207,122,0
611,114,0
674,39,0
41,299,0
10,1389,0
60,794,0
153,155,0
180,1390,1
54,92,0
239,693,1
102,165,0
292,1026,0
864,114,0
265,361,0
343,418,0
370,114,0
98,416,0
127,566,0
212,1276,0
123,101,0
184,470,0
94,719,1
343,399,0
72,565,0
73,164,0
91,638,0
675,463,0
368,576,0
373,819,0
179,302,0
12,38,0
674,146,0
571,84,0
548,1391,0
495,105,0
951,662,0
952,1392,1
496,298,0
479,114,0
390,146,0
520,977,0
23,1393,0
54,932,0
903,277,0
691,963,0
307,576,0
800,1394,0
879,1395,0
111,1396,0
12,660,0
343,359,0
288,79,0
163,142,0
184,143,0
275,1397,0
673,905,1
203,295,0
243,112,0
897,1398,1
212,360,0
28,775,0
95,151,0
416,561,0
240,115,0
7,874,0
61,471,0
577,56,0
577,172,1
85,874,0
72,115,0
953,622,1
243,165,0
954,1399,0
875,1400,0
955,263,0
179,438,0
276,436,0
288,48,0
87,199,0
300,1401,0
956,1402,0
123,62,0
246,1403,0
172,450,0
92,875,0
39,1404,0
242,362,0
213,661,0
249,527,0
96,79,0
198,305,0
297,282,0
256,666,0
11,142,0
821,245,0
608,204,0
314,656,0
867,1405,0
112,4,0
943,643,1
79,1406,1
413,405,1
293,1407,0
61,1096,0
428,106,0
327,801,0
416,418,0
957,1408,0
328,236,0
99,1409,0
716,299,0
296,663,0
611,247,0
958,1410,1
397,740,0
298,912,0
48,5,0
485,819,0
631,789,0
289,146,0
647,228,0
373,609,0
289,527,0
510,1411,0
908,1412,0
122,366,0
432,1413,0
161,434,0
794,1414,1
527,146,0
102,474,0
907,1415,0
117,513,0
266,434,0
697,505,1
253,404,0
23,280,0
88,783,0
40,1416,0
213,434,0
959,83,1
847,1382,0
216,1386,0
496,79,0
114,473,1
155,88,0
313,416,0
154,37,0
220,87,0
49,126,1
353,500,0
2,51,0
430,600,0
662,957,0
381,1317,0
438,1383,0
68,495,0
49,344,0
897,1398,0
329,406,0
960,542,1
183,927,0
104,335,0
668,1094,0
161,209,0
12,397,0
10,182,0
243,47,0
163,275,0
314,1417,0
28,70,0
113,85,0
374,775,0
91,792,0
33,773,0
623,498,0
27,922,0
353,1418,0
39,433,0
556,136,0
109,806,1
464,1277,0
117,516,0
611,912,0
188,251,0
961,1419,1
153,516,0
161,347,0
383,356,0
122,398,0
452,414,0
623,1420,0
46,15,0
202,999,0
0,291,0
249,202,0
33,427,0
328,89,0
496,79,0
278,1329,1
387,14,0
418,1399,0
272,79,0
860,651,0
114,324,0
1,792,0
559,309,0
49,760,0
763,108,0
197,1235,0
370,419,0
275,223,0
584,152,0
81,165,0
962,414,0
64,129,1
211,657,0
639,920,0
109,350,0
134,275,0
918,267,0
193,724,0
230,1421,0
607,1422,0
37,142,0
11,788,0
564,938,0
19,413,0
311,1104,0
493,463,0
356,1141,0
330,519,0
139,1209,0
653,1192,0
629,340,0
122,302,0
220,209,0
623,359,0
671,617,1
165,146,0
190,480,0
54,773,0
165,865,0
70,473,0
234,236,0
242,307,0
701,414,0
796,1058,0
91,760,0
831,653,0
638,1423,0
310,840,0
508,1424,0
921,139,0
114,28,0
54,63,0
83,263,0
363,566,0
261,465,0
963,1425,0
366,439,0
296,918,0
92,865,0
328,290,0
493,1077,0
594,1426,1
699,1427,1
104,759,0
372,1428,0
370,406,0
18,1429,0
272,1141,1
541,1032,0
176,1430,0
391,1234,0
666,1431,0
152,290,0
266,339,0
512,236,0
46,0,0
806,32,0
258,78,0
338,1432,0
964,1433,0
234,15,0
119,1434,0
242,807,0
30,112,0
120,165,0
256,211,0
36,568,0
765,469,0
525,983,0
28,347,0
296,329,0
520,1057,0
253,1435,0
490,198,0
200,1436,1
950,1437,0
110,574,0
127,427,0
344,278,0
540,821,0
45,212,0
608,198,0
965,1438,0
212,265,0
270,163,0
152,383,0
122,34,0
236,597,0
38,472,0
966,1439,0
914,1057,0
134,155,0
21,493,0
153,513,0
60,566,0
328,530,0
6,766,1
270,70,0
70,210,0
587,190,0
416,785,0
758,1440,1
471,1350,0
181,38,0
547,6,0
623,275,0
153,228,0
967,990,0
114,195,0
194,450,0
395,297,0
60,1441,0
149,504,0
390,258,0
378,1442,0
376,589,0
633,229,1
2,601,0
821,245,0
699,1443,1
14,927,0
174,77,0
968,708,1
831,1444,0
113,443,0
217,1445,0
140,900,0
276,210,0
96,1093,0
969,1446,0
92,592,0
569,1415,0
57,156,0
345,608,0
102,15,0
113,1132,0
145,1302,0
540,955,0
125,71,0
183,14,0
427,524,0
101,142,0
153,513,0
223,532,0
410,1209,0
58,115,0
172,339,0
243,128,0
104,593,0
7,62,0
482,611,0
1,181,0
57,347,0
205,369,0
429,23,0
970,1447,0
490,1448,0
270,112,0
564,1273,0
88,986,0
81,56,0
242,475,0
14,427,0
246,139,0
57,365,0
852,416,0
127,300,0
146,833,0
636,1082,0
261,280,0
799,1449,1
773,1070,0
17,927,0
550,1044,0
104,1109,0
384,1177,0
794,136,1
533,1450,0
239,771,0
24,443,0
971,649,0
343,608,0
55,407,0
68,589,0
84,980,0
153,561,0
901,1451,1
482,370,0
913,606,0
66,999,0
329,601,0
409,816,0
24,28,0
453,1452,0
428,230,0
289,295,0
115,517,0
60,451,0
226,329,0
66,644,0
256,126,0
276,473,0
972,1425,0
973,1439,0
21,462,0
361,207,0
310,824,0
872,1453,0
307,81,0
129,82,0
476,1454,0
284,105,0
623,788,0
303,117,0
379,498,0
623,203,0
79,126,0
161,182,1
17,18,0
27,71,0
278,802,0
72,185,0
621,338,0
339,62,0
827,1455,0
974,403,0
173,473,0
188,1375,0
369,1109,0
686,524,0
265,112,0
45,87,1
88,383,1
299,423,0
625,136,0
339,204,1
166,459,0
40,3,0
57,212,0
421,1342,0
143,1280,1
379,418,0
323,36,0
341,912,0
241,401,1
150,369,0
269,1123,0
230,151,0
10,425,0
692,719,0
565,198,0
513,439,0
315,398,0
356,79,0
499,303,0
750,258,0
117,275,0
975,1456,1
488,359,0
504,858,0
844,1457,0
658,297,0
198,31,0
497,40,0
14,532,0
976,1458,1
193,840,0
479,1132,0
13,1153,0
18,219,0
511,227,0
284,1072,0
102,209,0
502,1138,0
154,480,0
767,219,0
646,1433,0
920,98,0
124,1225,0
782,1459,0
120,81,0
680,297,0
393,221,0
514,44,0
508,716,0
977,1460,0
659,308,0
614,682,0
484,151,0
41,347,0
81,163,0
384,1461,0
24,1204,0
154,280,0
559,1462,0
166,1091,0
472,233,0
339,2,1
387,564,0
58,745,0
66,1017,0
0,720,0
120,530,0
272,322,0
85,236,0
157,265,0
501,725,0
333,1275,0
181,453,0
266,128,0
416,561,0
261,50,0
978,1463,0
163,788,0
21,663,0
805,1464,0
332,729,0
979,1073,1
328,182,0
164,491,0
64,792,0
38,423,0
87,441,0
116,1197,0
385,20,0
514,651,0
270,405,0
28,62,0
288,193,0
508,645,0
278,1072,0
5,5,0
135,1192,0
310,719,0
134,275,0
485,649,0
64,285,0
54,14,0
980,1465,1
113,1024,0
861,1336,1
484,1466,0
221,1132,0
981,1413,0
497,251,0
498,1430,0
304,1467,0
350,467,0
19,570,0
45,40,0
81,313,0
329,1468,0
982,1469,1
399,876,0
423,1454,1
270,85,0
203,481,0
466,1470,1
125,285,0
395,1229,0
621,1031,0
181,1083,0
428,919,0
81,85,0
115,174,0
717,84,0
299,43,0
30,423,0
593,334,1
130,137,0
5,458,0
1,24,0
619,1471,0
368,695,0
174,567,0
681,275,0
67,1472,0
148,924,0
243,15,0
577,100,0
314,1321,0
983,70,0
40,857,0
409,342,0
901,1473,0
611,534,0
329,198,0
258,666,0
428,476,0
516,892,0
110,115,0
253,143,0
77,1090,0
317,38,0
805,663,0
70,760,0
359,543,0
226,792,0
190,93,0
61,17,0
38,87,0
322,1328,0
392,503,0
254,93,0
782,763,1
133,1474,0
36,158,0
114,626,0
327,218,0
266,661,0
590,432,0
105,1072,0
984,1475,1
95,151,0
985,1476,1
172,475,0
339,362,0
320,649,0
546,600,1
153,275,0
419,1477,0
212,621,0
445,721,1
716,2,0
162,1478,1
122,1009,0
986,1479,0
664,1161,1
329,1480,1
648,927,0
608,1132,1
263,1481,0
88,327,0
189,819,0
473,1081,1
819,1482,1
258,768,0
565,419,0
345,533,0
335,1441,0
987,1143,0
647,414,0
988,1483,0
387,1484,0
434,393,0
22,108,0
786,561,0
329,399,0
228,1485,0
707,245,0
974,866,0
272,1486,0
194,818,1
989,1133,0
115,399,0
500,784,0
119,1487,0
971,1488,0
302,401,0
101,541,0
161,441,0
990,1489,1
2,247,0
96,471,0
101,455,0
3,1490,0
749,849,0
296,21,0
869,0,0
173,164,0
805,589,0
221,857,0
736,1463,0
249,801,0
678,466,1
458,1491,1
298,968,1
400,315,0
17,561,0
464,1492,0
292,738,0
51,517,0
991,456,0
550,332,0
559,765,0
265,29,0
516,1094,0
493,405,0
776,364,1
992,1163,0
258,344,0
784,1214,0
230,1339,0
368,15,0
327,146,1
610,117,0
162,792,0
113,924,0
110,626,0
17,53,0
694,1493,0
893,832,0
230,1494,0
464,1068,1
451,1495,0
30,122,0
17,49,0
146,23,0
299,182,0
57,515,0
192,570,0
328,362,0
265,369,0
507,559,0
527,103,0
127,198,0
744,503,1
242,807,0
993,843,0
144,760,0
994,1496,1
203,228,0
877,823,0
369,325,0
0,792,0
852,996,0
712,1497,1
188,408,0
447,336,0
995,1498,1
203,372,0
14,126,0
472,1469,0
10,163,0
214,497,0
919,611,0
94,55,0
266,236,0
507,946,0
981,758,0
87,182,0
726,35,0
166,946,0
535,745,0
64,1499,0
5,1500,1
13,615,0
15,751,0
370,406,0
249,93,0
135,383,0
211,858,0
391,1452,0
57,702,0
63,807,0
344,473,0
227,1501,1
429,218,0
148,285,0
24,407,0
772,569,0
72,102,0
786,788,0
597,1309,0
17,452,0
234,702,0
83,1273,0
70,28,0
275,1230,0
122,615,0
134,155,0
507,521,0
194,383,0
206,113,1
996,1220,0
787,1381,0
36,202,0
113,532,0
997,1425,0
998,22,0
333,814,0
765,216,0
102,87,0
999,1502,0
35,116,0
707,215,0
678,1214,0
187,473,0
28,467,0
64,564,0
123,0,0
70,565,0
164,1503,0
171,75,0
219,473,0
192,389,0
330,128,0
806,1111,0
562,351,0
489,354,0
83,1504,0
153,224,0
46,199,0
139,575,1
19,291,0
662,698,0
569,755,0
88,706,0
251,586,0
362,1006,0
928,1505,1
62,958,0
341,968,0
134,397,0
616,60,0
343,38,0
85,362,0
363,507,0
767,200,0
895,1506,0
49,71,0
289,23,0
565,399,0
468,1133,0
655,194,0
446,683,0
102,251,0
183,302,0
110,54,0
36,592,0
14,21,0
140,1083,0
113,131,0
123,530,0
258,291,0
25,1358,0
497,10,0
148,21,0
832,1507,0
15,251,0
296,161,0
37,788,0
603,1508,0
1000,1509,1
24,49,0
15,661,0
989,611,1
864,221,0
9,500,0
113,493,0
595,649,0
33,14,0
11,561,0
276,407,0
429,158,0
153,359,0
562,1500,0
72,324,0
845,690,1
114,443,0
99,9,0
410,575,0
408,412,0
7,87,0
165,146,0
21,131,0
80,649,0
831,216,1
1001,232,0
786,540,0
91,54,0
617,1191,0
663,1018,0
80,714,0
823,320,0
359,561,0
51,608,0
246,583,0
563,1081,0
497,262,0
627,972,0
648,936,0
60,1133,0
361,112,0
391,1049,0
525,1510,0
920,215,1
183,427,0
163,561,0
114,21,0
110,27,0
436,928,1
102,519,0
860,929,1
540,955,0
130,603,0
127,570,0
216,104,0
21,115,0
368,290,0
1002,315,0
134,155,0
1003,1511,1
376,1360,0
177,1512,0
7,241,0
453,468,0
173,115,0
153,118,0
200,1513,0
63,467,0
134,38,0
628,1430,1
76,731,0
374,43,0
350,318,0
190,218,0
359,1083,0
527,146,0
555,271,0
368,706,0
1004,1514,1
127,1352,0
315,427,0
173,36,0
135,369,0
623,455,0
25,196,0
378,1515,0
92,295,0
150,101,0
116,1236,1
273,1055,0
85,290,0
160,56,0
19,773,0
256,208,0
116,1516,0
46,10,0
188,362,0
288,819,0
362,871,0
284,1213,1
863,475,0
1005,1082,0
10,62,1
492,1517,1
373,1518,0
205,746,1
397,1169,0
943,414,0
166,245,0
307,599,0
379,1083,0
962,136,0
56,719,0
118,468,1
1006,1435,0
1007,1519,1
484,151,0
315,564,0
61,608,0
298,744,0
160,672,0
112,441,0
686,297,1
1008,1221,0
19,493,0
962,600,0
110,102,0
488,38,0
490,419,0
144,329,0
174,329,0
334,124,0
328,172,0
343,204,0
339,369,0
153,788,1
494,258,0
88,122,0
269,1520,0
541,303,1
584,1521,0
535,278,0
112,775,1
79,21,0
173,329,0
179,564,0
35,565,0
127,233,0
846,1522,0
216,102,0
193,1488,0
7,550,0
388,771,0
370,247,0
42,108,0
287,42,1
119,630,0
134,455,0
349,1181,0
230,923,0
140,151,0
47,102,0
597,1523,1
89,357,0
117,418,0
50,372,0
978,1021,0
65,703,0
377,1471,0
1009,1524,1
21,126,0
161,474,0
496,1089,0
0,329,0
153,785,0
104,289,0
164,149,0
314,590,0
734,545,0
547,635,1
267,914,0
179,759,0
1010,226,0
804,1525,0
330,236,0
468,1526,0
674,176,0
680,919,0
1011,1527,0
39,564,0
246,1528,1
664,979,0
780,1455,0
174,102,0
33,92,0
57,1114,0
541,1069,0
101,561,0
241,928,0
982,813,1
349,44,0
46,209,0
186,58,0
14,918,0
339,87,0
17,302,0
7,442,0
122,330,0
519,1529,1
271,371,0
259,895,0
116,633,0
324,93,0
1012,872,0
514,1530,0
433,1276,0
392,76,0
1013,443,0
125,34,0
289,465,0
352,503,0
73,1132,0
683,1531,0
203,527,0
930,990,0
14,773,0
387,131,0
1014,356,0
38,305,0
114,792,0
348,111,0
959,354,0
452,22,0
413,112,0
465,274,0
327,23,0
94,603,0
49,77,0
174,638,0
456,116,0
57,204,0
479,19,0
14,34,0
486,1532,0
277,747,0
163,155,0
786,224,0
1015,904,1
363,17,0
155,351,0
681,516,0
648,918,0
58,407,0
363,283,1
64,454,0
296,261,0
1016,1115,1
52,1039,1
378,191,0
328,706,0
189,649,0
50,23,0
611,282,0
1017,1533,0
123,472,0
359,1292,1
627,409,0
85,339,0
216,759,0
27,116,0
495,409,0
58,593,0
236,771,0
122,198,0
882,1462,0
221,379,0
236,475,1
155,137,0
81,0,0
1018,1534,1
948,1075,0
410,151,0
328,519,0
10,1535,0
77,1387,0
328,695,0
117,142,0
734,924,0
363,307,0
495,381,0
565,510,0
148,918,0
1019,230,0
363,570,0
330,15,0
11,523,0
410,149,0
237,691,0
511,146,0
14,278,0
419,809,0
114,36,0
1020,1536,0
562,125,0
1021,1531,0
24,391,0
30,441,0
30,241,0
17,198,0
632,505,0
370,608,0
212,781,0
115,595,0
330,70,0
271,266,0
460,1425,0
662,75,0
490,335,0
920,52,0
576,650,0
261,202,0
30,29,0
26,917,0
416,142,0
71,530,0
520,151,0
500,341,0
80,322,0
87,269,0
517,1537,0
152,17,0
1022,1538,1
329,510,0
296,792,0
24,1024,0
368,318,0
245,625,0
1023,310,1
954,1000,1
213,100,0
203,50,0
460,706,0
290,637,0
64,768,0
0,760,0
122,143,0
181,150,0
565,247,0
395,460,0
311,79,0
674,851,0
1024,1273,1
91,626,0
451,219,0
371,1539,1
494,527,0
737,120,1
307,122,0
276,760,0
172,296,0
381,691,0
569,956,1
267,1234,0
258,164,0
367,69,0
706,1150,0
181,516,0
1025,1245,1
180,1089,0
1026,906,0
924,1540,0
751,1058,0
1027,1541,1
265,87,0
726,501,1
55,1158,0
996,1341,0
410,1318,0
777,1139,0
289,50,0
23,202,0
177,754,0
488,359,0
303,1197,0
313,1044,0
479,570,0
381,234,0
315,1515,0
581,1071,0
674,103,0
45,29,0
85,212,0
23,481,1
432,1355,0
181,1020,0
78,1526,0
1028,1542,1
11,142,0
236,576,0
129,1166,0
113,436,0
555,876,0
173,1024,0
64,654,0
186,1236,0
328,434,0
719,1413,0
49,493,0
27,404,0
23,480,0
115,206,1
270,740,0
114,126,0
35,211,0
85,425,0
339,81,0
286,395,0
219,690,0
23,227,0
1029,748,0
285,612,0
713,1543,0
513,256,0
130,686,0
648,413,0
929,849,0
814,1391,1
164,857,0
110,211,0
1030,1544,1
372,496,0
416,150,0
79,210,1
155,88,0
826,1275,0
328,122,0
13,325,0
27,391,0
7,474,0
632,1363,0
950,1545,0
187,78,0
317,587,0
428,297,0
99,1362,1
610,201,0
387,1495,0
496,322,0
802,104,0
433,1218,1
276,71,0
176,245,0
951,1546,0
1031,1385,1
443,1411,0
234,87,0
761,1547,0
55,130,0
507,52,0
245,469,0
187,27,0
74,1548,0
198,236,0
683,1549,0
1032,1550,1
495,1031,0
72,78,0
71,165,0
166,459,0
751,1551,1
411,861,0
653,430,0
99,944,0
197,1552,0
248,1553,0
67,904,0
982,1554,0
125,24,0
171,999,0
409,490,0
296,626,0
91,344,0
243,467,0
1033,530,0
55,164,0
1034,742,1
49,1555,0
52,1444,0
489,356,0
149,151,0
77,644,0
259,1019,0
974,111,0
122,164,0
564,354,0
21,760,0
152,474,0
110,436,0
1035,1556,1
512,347,0
88,692,0
1036,1557,0
339,56,0
281,1558,0
203,757,0
593,379,0
468,591,0
152,702,0
289,865,0
368,751,0
765,148,0
381,587,0
253,561,0
56,1124,0
252,1559,0
621,1240,0
285,121,0
916,368,1
1037,168,0
1038,1446,1
518,256,0
198,423,1
72,195,0
863,771,1
166,120,0
19,759,0
91,129,0
729,814,0
87,212,0
276,219,0
256,161,0
274,404,0
193,819,0
137,37,0
62,1085,0
72,187,0
125,164,0
21,235,0
516,459,0
221,114,0
642,1438,0
161,530,0
85,56,1
194,692,0
562,458,0
162,200,0
641,1560,1
17,186,0
814,1561,0
30,709,0
98,810,0
999,240,1
164,812,0
179,41,0
299,101,0
255,721,0
343,155,0
1039,1562,0
577,241,0
137,158,0
671,569,0
148,219,0
266,365,0
1040,1563,1
314,1231,0
298,356,0
623,275,0
190,280,0
1014,1154,0
71,472,0
7,474,0
416,561,0
19,53,0
243,10,0
648,278,0
297,1228,0
324,865,0
276,638,1
234,474,0
80,724,0
27,330,0
648,186,0
33,366,0
875,810,0
36,218,0
1041,1564,0
20,1565,1
571,1566,0
134,464,0
391,747,0
618,1567,1
162,1495,0
734,1568,0
213,209,0
211,430,0
122,561,0
324,39,0
19,438,0
707,521,0
399,26,0
205,775,0
631,1215,0
535,638,0
281,1462,0
268,75,0
740,512,0
288,649,0
237,234,1
164,1569,0
173,187,1
806,414,0
1042,1570,0
282,1523,0
77,217,0
993,1571,1
153,516,0
120,576,0
68,71,0
30,172,0
276,126,0
359,275,0
93,326,0
430,32,0
26,17,0
270,251,0
853,1117,0
773,1572,0
460,85,0
48,5,0
814,1573,0
270,165,0
242,597,1
490,143,0
487,668,0
321,437,0
203,592,0
52,469,0
27,759,0
323,478,0
174,69,0
565,608,0
181,712,0
60,828,0
497,209,0
175,1506,1
96,198,0
11,155,0
639,698,0
633,990,0
572,580,0
112,612,0
9,814,0
345,204,0
220,251,0
512,43,0
1043,1574,0
124,470,0
348,1575,0
350,296,0
169,1576,1
206,513,0
94,80,0
91,49,0
174,131,0
504,1577,0
429,592,0
91,102,0
496,913,0
228,1578,0
114,574,0
39,104,0
1044,1579,1
116,784,1
113,499,0
85,434,0
185,174,0
858,1580,0
991,363,0
765,26,0
584,970,0
120,441,0
360,1107,0
146,757,0
179,77,0
314,677,0
517,1581,1
658,259,0
467,308,1
946,1581,0
216,433,0
172,327,0
662,718,0
213,199,0
242,264,0
55,81,0
307,347,0
154,801,0
604,219,0
154,50,0
27,163,0
21,36,0
993,1068,0
1039,1582,1
519,1530,0
14,78,0
662,1090,1
427,297,0
181,38,0
72,200,0
37,844,0
307,383,0
674,50,0
343,142,0
148,404,0
114,271,0
161,874,0
2,1132,0
359,587,0
19,92,0
489,263,1
258,532,0
87,530,0
1045,1583,1
767,493,0
165,801,0
148,63,0
165,527,0
962,22,0
310,95,0
1046,1584,0
509,349,1
266,29,0
535,407,0
483,855,0
580,917,0
334,423,0
558,384,1
71,56,0
239,339,0
505,869,1
70,329,0
866,1585,1
203,146,0
387,186,0
289,875,0
25,1586,0
379,548,0
598,508,0
886,1587,1
111,1588,0
402,809,0
26,1552,0
72,473,0
211,1577,1
348,1589,0
154,1590,0
242,121,0
324,757,0
307,661,0
276,116,0
344,404,0
96,724,0
268,1591,0
706,1592,0
675,475,0
917,1330,1
258,197,0
350,184,0
61,668,0
302,928,0
787,1127,0
177,532,0
234,299,1
57,518,0
376,652,0
852,810,0
50,295,0
1047,1593,0
266,56,0
197,725,0
496,738,1
801,439,0
488,228,0
215,569,1
234,251,0
19,198,0
162,768,0
385,524,0
644,892,0
193,223,0
565,604,1
122,14,0
295,1594,0
58,302,0
198,347,0
413,475,0
253,19,0
57,128,0
172,771,0
161,423,0
70,92,0
740,1019,0
17,918,1
1048,1595,1
416,155,0
7,661,0
24,26,0
91,77,0
259,1160,1
19,233,0
479,1512,0
334,43,0
190,801,0
328,56,0
91,69,0
324,228,0
10,450,0
1049,1422,0
27,36,0
572,1596,0
1050,497,0
614,926,0
629,6,0
343,81,0
317,1224,0
742,1597,0
7,62,0
70,26,0
219,198,0
495,1240,0
113,285,0
1021,1598,0
203,23,0
144,78,0
387,235,0
87,555,1
971,819,0
57,725,0
212,1400,0
256,49,0
821,521,0
136,1049,0
290,1095,0
388,264,0
8,122,0
339,43,0
191,399,0
600,1146,0
363,143,0
533,1387,1
633,1006,0
96,79,0
587,221,0
413,771,0
943,32,0
767,324,0
535,200,0
27,720,0
54,1349,0
61,221,0
134,275,1
110,116,0
10,222,0
562,840,0
931,497,1
265,362,0
221,1033,0
820,136,0
1051,1599,1
64,170,0
800,414,0
1052,511,0
249,280,0
687,75,1
546,136,0
512,518,0
614,1600,0
92,527,0
81,1535,0
1053,1601,0
266,408,0
198,695,0
347,600,0
463,1602,0
329,204,0
328,576,0
962,1603,1
125,211,0
287,625,0
37,778,0
187,666,0
179,1185,0
249,103,0
1054,32,1
41,519,0
85,518,0
562,921,0
327,103,0
1055,1604,0
529,552,1
210,974,0
230,968,0
127,328,0
115,81,0
19,532,0
12,1083,0
91,567,0
479,532,0
24,427,0
375,682,1
112,425,0
242,661,0
614,1215,0
717,1162,0
256,27,0
1056,1605,0
2,221,0
376,302,0
1057,1606,1
266,40,0
38,515,0
256,760,0
494,158,0
248,1553,0
317,937,1
15,269,0
1058,1202,0
267,1307,0
57,362,0
202,1462,0
339,472,0
511,218,0
220,986,0
497,31,0
707,52,0
135,72,0
178,734,0
1014,194,0
55,436,0
324,50,0
334,1535,0
183,602,0
442,823,0
237,909,0
27,329,0
584,1216,0
516,844,0
238,371,0
370,601,0
565,1607,0
144,756,0
208,1019,0
64,115,0
40,1608,0
359,498,0
343,275,0
12,498,0
821,52,0
899,563,0
153,38,0
797,1609,0
216,1515,0
296,473,0
240,1610,0
376,18,0
189,5,0
16,1246,1
101,142,0
383,354,0
330,29,0
157,509,0
324,592,1
704,748,0
88,112,0
71,576,0
423,1291,1
1059,1437,1
64,565,0
600,85,0
64,77,0
30,199,0
376,404,0
21,433,0
819,835,0
414,419,0
187,49,0
193,79,0
134,38,0
153,359,0
686,476,0
728,1180,0
55,759,0
411,120,0
4,775,0
1060,1611,0
414,198,0
61,1612,0
1061,1228,0
48,5,0
518,782,0
791,638,0
0,115,0
12,778,0
288,79,0
10,241,0
64,329,0
113,130,0
416,543,0
568,98,0
18,36,0
949,33,1
920,572,0
102,47,0
254,865,0
560,606,0
884,1573,1
416,788,0
173,638,0
17,1376,0
30,262,0
328,40,0
317,712,0
122,197,0
124,26,0
411,643,0
265,874,0
384,1613,0
60,1009,0
88,0,0
161,241,0
122,473,0
796,108,0
611,1086,0
737,321,0
2,333,0
317,1083,0
370,528,0
71,441,0
221,81,0
859,1614,0
456,245,0
64,78,0
171,957,0
596,860,0
248,583,0
233,230,0
397,369,0
479,198,0
24,77,0
1062,1041,1
513,657,0
740,1110,0
63,110,0
513,606,0
1063,1615,0
356,714,0
220,212,0
122,53,0
538,759,0
234,182,0
717,737,0
1064,1616,1
81,241,0
421,948,1
439,990,0
299,318,0
256,436,0
1065,748,0
362,904,0
215,617,0
343,788,0
36,851,0
372,193,0
115,43,0
292,298,1
389,1617,1
345,221,1
509,738,0
33,302,0
555,1618,0
458,1192,0
1066,1619,1
174,436,0
27,131,0
393,418,0
276,77,0
205,4,0
772,1261,0
189,79,0
215,1284,0
220,318,0
1067,107,0
498,189,0
245,1444,1
135,262,0
484,151,0
302,860,0
453,1234,0
292,913,0
235,414,0
21,116,0
227,1174,0
228,736,0
57,661,0
277,1620,0
258,922,0
165,93,0
451,745,0
472,1464,0
110,78,0
88,85,0
162,443,0
85,40,0
390,801,0
67,804,0
481,1621,0
140,1400,0
221,307,0
384,1244,0
254,568,0
320,48,0
655,1044,0
1043,1547,1
125,666,0
379,937,0
652,1622,1
7,369,0
527,527,0
258,185,0
674,592,0
614,1623,0
527,801,0
206,540,1
112,313,0
696,746,0
381,38,0
213,251,0
81,251,0
623,464,0
803,1151,0
66,1624,0
46,290,0
921,139,0
515,1625,0
173,626,0
369,278,0
140,1626,0
234,40,0
152,199,0
148,143,0
270,29,0
508,1029,0
164,995,0
226,77,0
14,574,1
275,303,0
187,330,0
397,121,0
604,427,0
991,385,0
545,86,1
48,649,0
183,67,0
284,1031,0
244,843,0
330,100,0
475,414,0
254,851,0
2,1035,0
61,767,0
0,473,0
113,818,0
716,282,0
172,144,0
296,210,0
496,193,0
275,127,0
195,70,0
70,626,0
36,23,0
91,185,0
274,14,0
307,361,0
642,1627,1
11,498,0
265,467,0
385,476,0
392,1007,0
366,1268,0
198,530,0
134,543,1
185,85,0
17,767,0
122,493,0
452,1628,1
202,279,0
46,318,0
387,602,0
76,993,0
144,1629,0
614,444,0
256,181,0
1068,1630,1
57,165,0
106,524,0
317,359,0
451,638,0
776,362,0
57,361,0
397,495,0
187,92,0
117,359,0
946,1537,1
7,874,0
2,507,0
194,595,0
738,226,0
152,425,0
57,290,0
253,435,0
361,4,0
91,187,0
11,1279,0
414,510,0
1069,414,0
203,39,1
276,666,0
184,427,0
45,702,0
1005,1631,1
328,209,0
873,1383,0
420,27,0
697,1342,1
981,1355,0
70,200,0
629,766,0
922,1632,0
416,316,1
89,1386,0
148,164,0
57,241,0
421,1363,1
261,146,0
401,600,0
455,395,0
161,17,0
1067,1633,1
163,275,0
202,920,1
174,329,0
606,1504,0
383,1504,0
163,800,0
126,135,0
373,5,0
148,567,0
205,361,0
687,392,0
192,244,0
19,170,0
1070,1634,1
74,1321,0
616,761,0
125,210,0
646,1635,1
328,251,0
55,143,0
1071,45,1
485,724,0
27,200,0
648,14,0
314,1636,0
165,37,0
81,677,0
79,663,0
816,140,0
202,1090,0
28,423,0
87,702,0
873,135,0
877,12,0
238,1229,0
256,324,0
339,327,0
706,140,0
991,741,0
414,1503,1
38,290,0
35,404,0
860,651,0
314,1637,0
369,659,0
859,1638,0
144,278,0
233,627,0
687,1090,0
153,375,0
381,516,0
1072,1639,1
299,530,0
383,912,0
89,1029,0
205,327,0
925,1345,0
1,185,0
871,136,0
7,81,0
150,463,0
426,1253,1
27,1002,0
674,93,0
953,1319,0
541,1640,0
84,1108,1
127,517,1
494,280,0
144,198,0
1060,604,0
173,407,0
274,927,0
1073,1641,1
21,720,0
246,1642,0
102,515,0
173,77,0
169,775,0
1074,22,0
662,644,0
368,165,0
177,608,0
122,918,0
648,302,0
1014,744,0
261,93,0
140,634,0
30,89,0
7,222,0
413,1192,0
791,285,0
314,109,0
268,794,0
707,1129,0
24,54,0
85,179,0
164,672,0
808,1643,1
328,241,0
471,589,0
507,1129,0
289,176,0
327,39,0
160,241,0
194,19,0
334,204,0
1075,1303,0
96,1644,0
296,27,0
906,1645,1
314,1060,0
183,366,0
256,71,0
2,282,0
981,1646,1
243,31,0
446,324,0
550,534,0
1076,1647,1
497,450,0
146,218,0
1046,167,1
343,778,0
28,365,0
512,515,0
886,142,0
27,54,0
94,243,0
177,2,0
70,115,0
300,1029,0
494,146,0
655,938,0
57,47,0
64,161,0
113,391,0
104,1360,0
64,478,0
329,1132,0
1001,1133,0
45,299,0
584,700,0
174,759,0
397,1077,1
12,453,0
279,1648,0
920,559,0
226,242,0
158,169,1
290,725,0
370,754,0
154,218,0
687,878,0
348,1649,0
950,1017,0
350,1060,0
1077,1650,0
1078,1597,1
239,520,0
64,219,0
377,1384,0
1057,1651,0
111,805,1
226,324,0
341,194,0
493,121,0
431,363,0
113,478,0
324,833,0
406,1587,0
1079,1606,0
7,807,0
709,889,0
296,760,0
202,309,0
593,756,0
547,87,0
77,1462,1
327,568,0
0,666,0
856,906,0
510,1652,0
329,247,0
68,34,0
137,280,0
496,1026,0
860,651,0
617,1445,0
734,1653,1
348,847,0
198,0,0
488,548,0
276,1499,0
1019,297,0
192,1512,0
361,472,0
140,744,0
300,716,0
21,129,1
411,630,0
160,725,1
494,93,0
223,375,0
391,1620,0
893,916,0
10,307,0
127,507,0
629,928,0
683,325,0
314,1654,0
152,530,0
643,1565,0
623,785,0
1080,1486,1
28,172,0
7,362,0
466,332,0
366,1192,0
127,244,0
302,635,0
310,1344,0
54,1109,0
253,300,0
343,190,0
28,89,0
70,116,0
11,142,0
221,614,0
451,1484,0
113,242,0
350,576,0
118,1307,0
501,31,0
72,663,0
368,472,0
555,216,0
761,1574,1
291,1178,0
256,21,0
735,1655,0
296,868,0
24,567,0
460,81,0
460,184,0
118,569,0
123,4,0
226,1656,0
568,572,0
623,175,0
169,179,0
152,408,0
885,1132,0
311,514,0
166,1023,0
341,263,0
507,245,1
160,741,0
384,1657,0
296,24,0
54,759,0
695,600,0
671,1324,0
538,302,0
1,1024,0
213,29,0
174,344,0
608,399,0
427,371,0
428,945,0
154,875,0
918,264,1
368,29,0
623,788,0
689,44,0
70,615,0
96,496,0
59,201,0
221,60,1
800,600,0
63,361,0
497,695,0
117,275,0
64,1397,0
210,872,0
1081,985,0
802,1658,0
648,773,0
13,198,0
416,203,0
1082,1659,1
516,1660,0
1083,1559,1
535,1101,0
191,561,0
211,782,1
16,16,0
1084,1661,0
7,1376,1
4,425,0
13,1093,0
11,418,0
611,194,0
91,666,0
734,1009,0
561,1662,1
28,207,0
9,393,0
51,818,0
113,2,0
15,695,0
484,767,1
1085,1663,1
938,604,0
719,1664,0
683,1093,0
152,706,0
68,790,0
72,690,0
1086,1665,0
854,563,0
12,38,0
125,454,0
608,570,0
135,576,1
950,1635,0
355,1596,1
230,1666,0
623,118,0
85,112,0
595,205,0
104,18,1
786,561,0
50,1384,0
631,1623,0
80,437,1
584,1012,1
81,89,0
153,142,0
91,131,0
1086,1136,0
234,661,0
144,77,0
50,865,0
648,335,0
610,1516,0
122,561,0
847,1667,0
762,110,0
187,54,0
19,427,0
64,116,0
130,603,0
7,339,0
172,576,0
352,503,0
296,478,0
190,146,0
1087,1668,0
117,561,0
1088,446,0
149,1012,0
10,7,0
1,261,0
241,766,0
363,419,0
258,792,0
489,194,0
1089,1522,0
381,12,0
68,366,0
559,392,0
113,21,0
692,686,0
265,236,0
119,594,0
304,343,0
146,103,0
555,42,0
272,319,0
5,48,0
1013,87,0
320,79,0
94,686,0
372,282,0
368,425,0
221,17,0
314,1669,0
222,1402,0
134,778,0
368,182,0
73,174,0
814,1120,0
288,714,0
700,955,1
13,1185,0
376,278,1
562,79,0
884,414,0
94,603,0
590,5,0
177,499,1
329,244,0
114,760,0
270,62,0
648,92,0
692,1344,0
288,1644,0
90,249,0
110,324,0
1090,1670,1
189,79,0
102,874,0
49,443,0
388,693,0
417,1671,1
230,1672,0
18,638,0
115,164,0
258,1495,0
1091,101,0
925,1660,1
616,379,0
240,423,0
114,71,0
92,37,0
479,204,0
1092,1673,1
410,1112,0
162,565,0
813,883,0
550,1086,0
274,1109,0
497,87,0
61,282,0
111,403,0
489,332,0
288,724,0
516,16,0
317,38,0
904,157,1
174,71,0
304,1550,0
219,756,1
475,1674,0
134,155,0
562,1644,0
368,251,0
314,984,0
673,510,0
1093,1580,0
289,146,0
330,706,0
276,181,0
664,1384,0
1094,1675,1
1095,414,0
130,603,0
149,1216,0
998,32,0
938,668,0
494,480,0
125,799,0
307,702,0
695,414,0
416,1020,0
85,17,0
242,475,0
265,318,0
118,529,0
1096,1676,1
998,1677,1
356,1104,0
23,258,0
392,503,0
161,318,0
55,26,1
224,315,0
202,1017,0
127,1035,0
557,426,0
18,436,0
165,218,0
64,743,0
464,581,0
643,1678,0
115,1535,0
490,668,0
782,1679,0
686,539,0
173,92,0
117,561,0
439,1450,0
955,194,0
918,597,0
221,2,0
13,81,0
87,299,0
242,467,0
10,751,0
88,262,0
33,41,0
72,170,0
344,21,0
744,625,0
10,251,0
134,464,0
24,615,0
1097,1680,0
1098,1681,1
500,117,1
992,1682,0
1099,1683,0
966,1684,0
57,364,0
242,597,1
1100,1685,1
50,258,0
409,1686,0
598,737,0
94,243,0
255,394,0
30,100,0
221,767,0
285,264,1
413,740,0
548,1120,0
1101,1687,0
125,324,0
955,1276,1
61,933,0
57,180,0
1,200,0
107,1633,0
1102,1688,0
243,339,0
174,666,0
65,1580,0
610,58,0
429,295,0
563,950,1
458,463,0
490,493,0
144,302,0
429,258,0
317,459,0
460,241,0
1103,1689,1
307,519,0
212,1285,0
265,441,0
494,1690,1
203,851,0
164,1069,0
488,523,0
648,67,0
409,1691,0
501,236,0
485,79,0
558,1462,0
17,493,0
173,663,0
1104,1692,0
363,198,0
366,1577,0
388,296,0
150,296,0
683,528,0
226,344,0
10,112,0
61,204,0
314,1693,0
219,638,0
300,1694,0
94,603,0
187,404,0
511,592,0
296,436,0
563,198,0
429,146,0
646,880,0
673,1033,0
368,530,0
246,988,0
0,200,0
479,566,0
105,460,0
129,320,1
604,143,0
1105,20,1
315,27,0
1106,1695,0
516,1246,0
0,211,0
324,1384,0
939,855,0
276,129,0
1107,763,0
95,151,0
863,520,0
94,1696,0
202,75,0
361,122,0
266,199,0
711,989,0
504,231,0
125,768,0
117,203,0
1108,1316,1
254,592,0
584,761,0
466,1281,0
12,275,0
120,369,0
540,1215,0
780,1540,1
1059,980,0
122,1093,0
113,78,0
1085,1697,1
239,597,0
364,1698,0
299,555,0
232,1699,1
70,197,0
242,10,0
571,737,1
41,515,0
876,1687,0
381,360,0
213,299,0
507,960,0
36,801,1
46,165,0
201,521,1
73,427,0
284,627,0
10,467,1
206,561,0
49,638,0
138,1700,1
10,156,0
408,1701,0
298,263,0
665,1702,0
164,1703,0
1109,1704,1
644,1094,0
270,612,0
313,1086,0
61,1132,0
64,164,0
647,32,0
929,150,0
140,151,0
344,427,0
24,197,0
164,752,0
314,519,0
153,224,0
596,635,0
621,381,1
328,751,0
260,348,0
104,1185,0
446,130,0
174,261,0
2,783,0
370,335,0
206,561,0
